filename,package_name,app_name,version_code,version_name,num_permissions,num_activities,num_services,num_receivers,num_providers,num_intents,total_methods,has_native_code,file_size_kb,num_files
a.envisionmobile.caa.apk,a.envisionmobile.caa,CAA,28,Unknown,19,68,4,4,1,9,53814,1,12652.525390625,2328
air.com.adobe.connectpro.apk,air.com.adobe.connectpro,Connect,2006002,Unknown,10,1,0,0,0,3,3783,1,15917.7978515625,62
air.com.articulate.articulatemobileplayer.apk,air.com.articulate.articulatemobileplayer,Articulate,4000000,Unknown,4,1,0,0,0,3,3832,1,15680.46484375,91
air.com.ercangigi.sitesin3d.apk,air.com.ercangigi.sitesin3d,Sites in VR,6004000,Unknown,6,2,0,0,0,3,4026,1,23901.552734375,51
air.com.gamebrain.hocus.apk,air.com.gamebrain.hocus,hocus,1009009,Unknown,4,2,0,0,1,2,57550,1,22575.7412109375,584
air.com.hypah.io.slither.apk,air.com.hypah.io.slither,slither.io,1004008,Unknown,7,2,0,0,0,2,62272,1,20445.01953125,822
air.com.indiegoes.archangelmichael.apk,air.com.indiegoes.archangelmichael,Archangel Michael,1008000,Unknown,3,2,0,0,0,2,4060,1,21704.400390625,139
air.com.launchday.mobile.rocketleague.apk,air.com.launchday.mobile.rocketleague,LaunchDay - Rocket League Edition,1008000,Unknown,11,2,1,3,0,2,17920,1,27320.9248046875,320
air.com.nextlot.mobile.webcast.sekura.apk,air.com.nextlot.mobile.webcast.sekura,Team Sekura,2000001,Unknown,3,1,0,0,0,2,3664,1,16920.8564453125,56
air.com.playtika.slotomania.apk,air.com.playtika.slotomania,Slotomania,249000003,Unknown,12,5,2,3,1,3,41792,1,47302.0771484375,348
air.com.rosettastone.mobile.CoursePlayer.apk,air.com.rosettastone.mobile.CoursePlayer,Languages,2005000,Unknown,10,3,1,2,0,3,27493,1,36511.3798828125,357
air.com.screenpapermedia.basic.mobile.launchday.nba2k15.apk,air.com.screenpapermedia.basic.mobile.launchday.nba2k15,Launch Day Magazine - NBA2K15 Edition,1006004,Unknown,11,2,1,3,0,2,5082,1,15722.0126953125,106
air.com.starfall.more.apk,air.com.starfall.more,Starfall.com,1034005,Unknown,3,1,0,0,0,2,3769,1,37205.248046875,331
air.com.trailmapps.AND.skypilot.apk,air.com.trailmapps.AND.skypilot,Trail Map,2010000,Unknown,3,6,0,0,0,2,10251,0,12003.607421875,1306
air.com.yudu.ReaderAIR2902554.apk,air.com.yudu.ReaderAIR2902554,VK Mag,4028001,Unknown,5,2,0,1,0,2,5895,1,29102.03515625,112
air.G2JCuteBoySwimmingEscape.apk,air.G2JCuteBoySwimmingEscape,Cute Boy Swimming Escape,1000000,Unknown,6,2,1,1,0,2,20752,1,15929.962890625,47
air.G2JSmallBoyFactoryEscape3.apk,air.G2JSmallBoyFactoryEscape3,Small Boy Factory Escape 3,1000000,Unknown,1,2,0,0,0,2,20406,1,15337.5498046875,40
air.G2JValentineRoseEscape2017.apk,air.G2JValentineRoseEscape2017,Valentine Rose Escape 2017,1000000,Unknown,1,2,0,0,0,2,20406,1,16112.5126953125,40
air.im.phantom.earthquakes.apk,air.im.phantom.earthquakes,Earthquakes,1000000,Unknown,1,1,0,0,1,2,3825,1,13712.5009765625,42
air.nn.mobile.app.main.apk,air.nn.mobile.app.main,NeuroNation,2015040,Unknown,11,5,6,8,1,4,23714,1,26185.525390625,619
air.u.live.video.chat.apk,air.u.live.video.chat,U LIVE,400043003,Unknown,28,12,5,6,2,8,48373,1,26695.4326171875,2010
air.uk.co.bbc.android.mediaplayer.apk,air.uk.co.bbc.android.mediaplayer,BBC Media Player,3001010,Unknown,5,1,1,1,0,3,3988,1,12852.822265625,74
ak.alizandro.smartaudiobookplayer.apk,ak.alizandro.smartaudiobookplayer,Smart AudioBook Player,14252,Unknown,6,16,4,5,0,2,23001,1,4759.87890625,769
ali.coupon.code.sale.all.apk,ali.coupon.code.sale.all,Coupons Ali,1,Unknown,2,2,1,2,1,2,31369,0,2895.3828125,485
andrewgilman.dartsscoreboard.apk,andrewgilman.dartsscoreboard,Darts Scoreboard,14084,Unknown,2,29,0,0,0,2,20692,0,2474.7939453125,902
anton.kets.despicableme.apk,anton.kets.despicableme,Guide Despicable Me,1,Unknown,2,11,1,1,0,2,43987,0,4068.443359375,508
anxiety.symptoms.treatment.apk,anxiety.symptoms.treatment,Anxiety Symptoms + Treatment,3,Unknown,4,2,0,0,0,2,3153,1,2572.4091796875,125
aplicacion.tiempo.apk,aplicacion.tiempo,Weather 14 days,212,Unknown,9,20,3,18,3,9,38895,0,8760.6044921875,1827
app.medicalid.free.apk,app.medicalid.free,Medical ID (free),65,Unknown,8,13,3,4,2,2,28369,0,4878.658203125,1316
app.qrcode.apk,app.qrcode,QR Scanner,33,Unknown,12,17,7,10,1,2,37287,0,3087.80859375,598
app.zenly.locator.apk,app.zenly.locator,Zenly,1198,Unknown,20,21,6,7,5,5,38196,0,12979.947265625,2679
apptrends.love_photo_frames_hd_and_love_greetings.apk,apptrends.love_photo_frames_hd_and_love_greetings,Love Photo Frames HD,4,Unknown,4,20,1,1,0,12,28812,0,11311.41015625,953
at.reebekili.fbutton.apk,at.reebekili.fbutton,Fart Button,3,Unknown,2,2,0,0,0,2,11078,0,1314.275390625,359
au.com.angryrobot.wikicamps.apk,au.com.angryrobot.wikicamps,WikiCamps AU,74,Unknown,13,37,0,0,1,71,46503,0,9648.984375,1191
au.com.tapstyle.apk,au.com.tapstyle,TapStyle,296,Unknown,19,64,5,4,2,8,43795,1,9280.4150390625,1325
aviaseller.su.apk,aviaseller.su,Aviaseller,29,Unknown,6,4,3,4,1,4,46620,0,8785.708984375,1322
baby.com.BabyBigMouth.apk,baby.com.BabyBigMouth,Baby Big Mouth,3,Unknown,3,4,0,0,0,2,28326,0,2660.201171875,354
baby.com.CKNToys.apk,baby.com.CKNToys,CKN Toys,3,Unknown,3,4,0,0,0,2,28326,0,2528.408203125,354
baby.com.CrazyFunKids.apk,baby.com.CrazyFunKids,Crazy Fun Kids,2,Unknown,3,4,0,0,0,2,28326,0,2642.302734375,354
baby.com.DisneyCarToys.apk,baby.com.DisneyCarToys,DisneyCarToys,2,Unknown,3,4,0,0,0,2,29205,0,2693.7275390625,355
baby.com.FunToyzCollector.apk,baby.com.FunToyzCollector,FunToyzCollector,3,Unknown,3,4,0,0,0,2,28326,0,2501.923828125,354
baby.com.Kiddyzuzaa.apk,baby.com.Kiddyzuzaa,Kiddyzuzaa,2,Unknown,3,4,0,0,0,2,28326,0,2477.216796875,354
baby.com.KidsandToys.apk,baby.com.KidsandToys,Kids andToys,2,Unknown,3,4,0,0,0,2,28326,0,2621.291015625,354
baby.com.KidsSurpriseFun.apk,baby.com.KidsSurpriseFun,KidsSurpriseFun,4,Unknown,3,4,0,0,0,2,28326,0,2496.3173828125,356
baby.com.kidsToysReview.apk,baby.com.kidsToysReview,kidsToysReview,2,Unknown,3,4,0,0,0,2,28326,0,2602.794921875,354
baby.com.SurpriseCollector.apk,baby.com.SurpriseCollector,Surprise Collector,2,Unknown,3,4,0,0,0,2,28326,0,2567.873046875,354
baby.com.ToysToSee.apk,baby.com.ToysToSee,KidsToysToSee,3,Unknown,3,4,0,0,0,2,28326,0,2559.544921875,354
basic.guru.gforms.apk,basic.guru.gforms,Forms,11,Unknown,6,7,4,4,1,2,40455,0,3086.4619140625,615
bbc.mobile.news.ww.apk,bbc.mobile.news.ww,BBC News,107106,Unknown,10,24,13,8,3,7,74335,0,14891.294921875,1799
berkah25com.guideforroblox.guideforroblox.apk,berkah25com.guideforroblox.guideforroblox,Guide for Roblox,1,Unknown,3,9,0,0,0,2,30105,0,2665.845703125,512
bible.bibleverse.bibleverses.biblia.holywrit.scripture.verse.devotion.apk,bible.bibleverse.bibleverses.biblia.holywrit.scripture.verse.devotion,My Bible,1035,Unknown,11,32,8,12,1,8,33962,1,6516.4677734375,993
bible.bibleverse.biblia.bibleverses.scripture.holywrit.verse.devotion.apk,bible.bibleverse.biblia.bibleverses.scripture.holywrit.verse.devotion,Bible,1189,Unknown,12,39,8,12,1,8,34785,1,6798.2412109375,1075
bibleverses.bibleverse.bible.biblia.verse.devotion.apk,bibleverses.bibleverse.bible.biblia.verse.devotion,Bible,266,Unknown,14,63,19,16,2,4,77020,1,11042.7822265625,1514
biz.bookdesign.librivox.apk,biz.bookdesign.librivox,LibriVox,115,Unknown,7,22,9,6,2,5,40584,0,4521.20703125,1445
bpst.met.sharinganlockscreen.apk,bpst.met.sharinganlockscreen,Sharingan LockScreen,6,Unknown,8,4,2,1,0,2,414,0,1389.5810546875,64
br.com.escolhatecnologia.vozdonarrador.apk,br.com.escolhatecnologia.vozdonarrador,Voice of the Narrator,3000802,Unknown,20,5,6,7,0,2,43454,1,25073.919921875,430
br.com.gerenciadorfinanceiro.controller.apk,br.com.gerenciadorfinanceiro.controller,Mobills Personal Finances,210,Unknown,30,101,10,25,4,11,79595,1,10469.5234375,2345
br.com.ridsoftware.shoppinglist.apk,br.com.ridsoftware.shoppinglist,SoftList,68,Unknown,10,46,9,2,2,4,37257,0,7110.3291015625,1512
br.com.tapps.myderp.apk,br.com.tapps.myderp,My Derp,104,Unknown,10,31,9,11,2,6,94976,1,42014.185546875,1128
br.gov.caixa.fgts.trabalhador.apk,br.gov.caixa.fgts.trabalhador,FGTS,4,Unknown,12,2,2,1,0,2,32211,1,8621.466796875,75
browser.flowers2.apk,browser.flowers2,Browser Flowers,1,Unknown,6,40,10,3,1,5,59222,0,4140.55859375,464
business.card.maker.scopic.apk,business.card.maker.scopic,BusinessCard Maker,15,Unknown,7,8,3,3,1,2,19636,0,25359.2626953125,1351
ca.autotrader.userapp.apk,ca.autotrader.userapp,autoTRADER,189,Unknown,17,65,16,9,2,12,111272,1,22034.63671875,1581
ca.bellmedia.cravetv.apk,ca.bellmedia.cravetv,CraveTV,1240912,Unknown,12,10,7,6,2,7,58133,1,39919.0595703125,1507
ca.blood.giveblood.apk,ca.blood.giveblood,GiveBlood,23,Unknown,13,24,4,3,2,8,68865,0,13750.5205078125,1522
ca.cahrc_ccrha.cyff.apk,ca.cahrc_ccrha.cyff,CYFF,208,Unknown,17,3,3,2,1,2,19695,0,2199.4228515625,251
ca.capitalone.enterprisemobilebanking.apk,ca.capitalone.enterprisemobilebanking,Capital One Canada,1612071134,Unknown,11,17,3,4,1,5,40811,0,30018.841796875,1756
ca.coba.scolarit.lionelgroulx.apk,ca.coba.scolarit.lionelgroulx,Collège Lionel-Groulx,38,Unknown,9,18,5,6,2,4,61123,1,16957.638671875,1276
ca.com.dealmoon.android.apk,ca.com.dealmoon.android,Dealmoon-CA,101,Unknown,20,123,2,1,1,8,88806,1,13609.822265625,2062
ca.crea.realtor.apk,ca.crea.realtor,REALTOR.ca,2051,Unknown,12,24,0,0,0,8,71733,0,19032.087890625,1319
ca.dominospizza.apk,ca.dominospizza,Domino's,136,Unknown,12,42,10,6,1,12,52039,1,18031.8095703125,1673
ca.geoactivity.geoactivityrigs.MobilePro.apk,ca.geoactivity.geoactivityrigs.MobilePro,Rigs PRO,29,Unknown,5,1,0,0,0,2,1646,0,4525.9150390625,249
ca.indigo.apk,ca.indigo,Indigo,42,Unknown,21,33,15,9,2,6,94114,1,14197.447265625,1683
ca.insuranceinstitute.iicmobile.apk,ca.insuranceinstitute.iicmobile,IICMobile,36,Unknown,5,16,7,1,2,2,50057,0,4995.2529296875,602
ca.lapresse.android.lapressemobile.apk,ca.lapresse.android.lapressemobile,LP Mobile,20161115,Unknown,8,40,8,7,1,8,33768,0,7608.2666015625,1561
ca.manulife.android.apk,ca.manulife.android,Group Benefits Mobile,2,Unknown,6,1,0,0,0,2,5002,0,260.1806640625,13
ca.markham.accessmarkham.apk,ca.markham.accessmarkham,City of Markham,2016020101,Unknown,14,2,2,1,0,2,34574,1,8016.7431640625,324
ca.mississauga.roads.apk,ca.mississauga.roads,Roads,2014071714,Unknown,8,4,0,1,0,2,20495,0,1376.4072265625,115
ca.save.m.apk,ca.save.m,Save.ca,99,Unknown,20,15,3,4,0,21,62984,1,23398.6513671875,1434
ca.tsn.mobile.android.apk,ca.tsn.mobile.android,TSN GO,260,Unknown,17,40,7,6,2,8,60115,1,21745.873046875,2343
ca.weddingwire.launcher.apk,ca.weddingwire.launcher,WeddingWire,53,Unknown,14,8,3,2,1,5,19986,1,4608.052734375,1042
ca.windmobile.selfcare.prod.apk,ca.windmobile.selfcare.prod,My Account,148,Unknown,7,4,4,2,1,3,25678,0,6458.533203125,237
call.harley.quinn.apk,call.harley.quinn,harley quin call,1,Unknown,4,4,0,0,0,2,47324,0,3781.2578125,276
cc.dreamspark.intervaltimer.apk,cc.dreamspark.intervaltimer,Interval Timer,101000,Unknown,4,3,1,0,0,2,10465,0,677.212890625,107
cc.pacer.androidapp.apk,cc.pacer.androidapp,Pacer,2017012800,Unknown,15,104,8,9,1,17,74329,1,12499.6884765625,2946
cgeo.geocaching.apk,cgeo.geocaching,c:geo,20170207,Unknown,6,40,1,0,1,34,41183,0,7192.4912109375,1381
ch.protonmail.android.apk,ch.protonmail.android,ProtonMail,279,Unknown,12,31,8,8,2,5,37999,1,15364.04296875,1727
chumob.valentine.photo.frames.apk,chumob.valentine.photo.frames,Valentine Photo Frames,1,Unknown,6,22,2,1,1,5,60547,1,21302.9541015625,1448
cm.confide.android.apk,cm.confide.android,Confide,203,Unknown,14,43,2,2,0,0,48324,1,16511.0224609375,1778
cmsecurity.applock.theme.flower.apk,cmsecurity.applock.theme.flower,flower,10001078,Unknown,6,2,1,2,1,4,620,1,1779.5107421875,45
cmsecurity.applock.theme.golddiamond.apk,cmsecurity.applock.theme.golddiamond,Golddiamond,10001079,Unknown,6,2,1,2,1,4,620,1,1255.166015625,45
cmsecurity.applock.theme.metalbutterfly.apk,cmsecurity.applock.theme.metalbutterfly,metalbutterfly,10001084,Unknown,6,2,1,2,1,4,620,1,1867.609375,45
cmsecurity.applock.theme.triangletech.apk,cmsecurity.applock.theme.triangletech,triangletech,10001083,Unknown,6,2,1,2,1,4,620,1,1886.4619140625,45
cmsecurity.applock.theme.valentineshearts.apk,cmsecurity.applock.theme.valentineshearts,valentineshearts,10001076,Unknown,6,2,1,2,1,4,620,1,1499.548828125,45
cn.wps.moffice_eng.apk,cn.wps.moffice_eng,WPS Office,178,Unknown,11,240,19,7,2,47,242502,1,30934.8974609375,5939
cn.xiaochuankeji.tieba.apk,cn.xiaochuankeji.tieba,最右,25910,Unknown,17,62,2,2,0,5,47247,1,9915.75390625,864
co.bitx.android.wallet.apk,co.bitx.android.wallet,Luno,382,Unknown,14,20,10,8,2,11,53827,1,8058.1435546875,1922
co.gotitapp.android.apk,co.gotitapp.android,got it!,26,Unknown,11,18,3,2,2,9,42720,1,17902.4423828125,1002
co.ifwe.hi5.live.apk,co.ifwe.hi5.live,WeChill,88,Unknown,29,54,5,5,1,3,79127,1,22258.4443359375,1775
codematics.universal.tv.remote.control.apk,codematics.universal.tv.remote.control,   Universal TV Remote,36,Unknown,11,149,10,6,1,7,47627,0,7141.9736328125,1789
com.aadhk.restpos.apk,com.aadhk.restpos,W&O POS,255,Unknown,19,70,8,5,1,2,49112,1,10257.7880859375,1966
com.aadhk.time.apk,com.aadhk.time,Timesheet,93,Unknown,5,26,5,1,0,8,14028,1,7572.2392578125,675
com.aadhk.woinvoice.apk,com.aadhk.woinvoice,Invoice Simple,2000599,Unknown,12,51,4,4,1,8,49435,1,12941.53515625,1901
com.abaenglish.videoclass.apk,com.abaenglish.videoclass,ABA English,114,Unknown,11,41,5,12,2,3,63925,1,31583.2587890625,1341
com.abbyy.mobile.lingvo.market.apk,com.abbyy.mobile.lingvo.market,ABBYY Lingvo,119,Unknown,10,24,10,4,2,13,38854,1,34699.6005859375,1524
com.ac.photo.frames.valentines.apk,com.ac.photo.frames.valentines,photo frame Valentines day,1,Unknown,7,7,0,0,0,2,46802,0,11023.0576171875,679
com.ace.securityplus.apk,com.ace.securityplus,Ace Security plus,413,Unknown,56,63,14,12,3,2,55794,1,7609.17578125,1333
com.acer.ccd.apk,com.acer.ccd,Acer Portal,3942002,Unknown,19,16,6,5,1,10,55410,1,8592.7421875,906
com.aceviral.smashycity.apk,com.aceviral.smashycity,Smashy City,26,Unknown,5,15,0,2,1,2,61429,1,33962.193359375,761
com.acmeaom.android.myradar.apk,com.acmeaom.android.myradar,MyRadar,188,Unknown,12,17,13,15,2,3,53976,1,26101.046875,1848
com.active.aps.meetmobile.apk,com.active.aps.meetmobile,Meet Mobile,90,Unknown,12,4,2,2,2,5,42522,0,4977.0732421875,1206
com.actmobile.dashvpn.apk,com.actmobile.dashvpn,DashVPN,3030,Unknown,11,49,11,4,0,5,65049,1,13720.685546875,490
com.actualsoftware.faxfile.apk,com.actualsoftware.faxfile,FaxFile,5772,Unknown,12,22,8,6,2,13,22247,0,2664.560546875,699
com.adamapps.tipsforspidermangames.apk,com.adamapps.tipsforspidermangames,Tips The Amazing Spider-Man 2,3,Unknown,5,5,0,0,0,2,8257,0,1936.140625,138
com.adamapps.tipsforsupermario.guide.apk,com.adamapps.tipsforsupermario.guide,Tips for Super Mario,2,Unknown,5,5,0,0,0,2,8257,0,1113.06640625,138
com.adamrocker.android.input.simeji.global.sticker.ugh.top.apk,com.adamrocker.android.input.simeji.global.sticker.ugh.top,UGH Emoji Keyboard for Facemoji,3,Unknown,5,3,0,4,0,2,28352,1,5707.4912109375,529
com.adhoclabs.burner.apk,com.adhoclabs.burner,Burner,449,Unknown,31,45,11,9,6,17,115561,1,23137.1572265625,4042
com.adi.dev.java.android.wallpaper.live.analogclock.apk,com.adi.dev.java.android.wallpaper.live.analogclock,Adi Analog Clock Live Wallpaper,10,Unknown,1,1,1,0,0,0,345,0,71.8955078125,14
com.adobe.air.apk,com.adobe.air,Adobe AIR,24020180,Unknown,8,15,8,9,0,21,80215,1,21476.30078125,1305
com.adobe.reader.apk,com.adobe.reader,Adobe Acrobat,149548,Unknown,5,19,3,3,1,9,36550,1,12489.8173828125,1382
com.adpog.diary.apk,com.adpog.diary,Diary,49,Unknown,5,29,0,2,0,3,10378,0,2297.3408203125,660
com.adultswim.apps.now.apk,com.adultswim.apps.now,[adult swim],1607131117,Unknown,14,4,1,3,0,6,72029,1,42565.6376953125,1841
com.aerilys.acr.android.apk,com.aerilys.acr.android,Astonishing Comic Reader,94,Unknown,10,18,2,1,0,11,48730,0,5152.9833984375,1081
com.afkettler.earth.apk,com.afkettler.earth,Earth&Moon,9,Unknown,0,2,1,1,0,3,2233,1,14391.68359375,127
com.afl.psychicslive.view.apk,com.afl.psychicslive.view,Psychics Live TV,32,Unknown,10,41,4,6,0,2,45591,1,9037.111328125,1232
com.agus.cnd.calendar.apk,com.agus.cnd.calendar,Canada Calendar,26,Unknown,6,7,1,2,0,2,16288,0,2252.9794921875,573
com.airasia.mobile.apk,com.airasia.mobile,AirAsia,2037,Unknown,17,31,6,4,1,0,57533,1,23915.1806640625,1089
com.airbnb.android.apk,com.airbnb.android,Airbnb,150302,Unknown,19,75,11,6,2,45,46942,0,12224.130859375,1873
com.airmiles.apk,com.airmiles,AIR MILES,827,Unknown,21,45,10,13,2,9,76563,0,12564.9990234375,1193
com.airmiles.loadandgo.apk,com.airmiles.loadandgo,Load + Go,7,Unknown,9,22,3,4,1,12,35618,1,11163.869140625,1290
com.airsenze.bchighways.apk,com.airsenze.bchighways,BC Highways,11,Unknown,5,11,0,0,0,2,37516,0,3434.833984375,651
com.airwatch.email.apk,com.airwatch.email,Inbox,376,Unknown,37,73,46,22,9,69,86059,1,18526.7548828125,2491
com.airwaysnews.airwaysmagazine.apk,com.airwaysnews.airwaysmagazine,Airways Magazine,3,Unknown,5,7,3,1,0,2,16240,1,3630.123046875,215
com.alarm.alarmmobile.android.apk,com.alarm.alarmmobile.android,Alarm.com,84,Unknown,18,7,4,3,0,2,38090,1,37926.4287109375,1115
com.alarmclock.xtreme.free.apk,com.alarmclock.xtreme.free,Alarm Clock Xtreme Free,198109,Unknown,12,20,5,14,1,4,36585,0,7796.103515625,1472
com.aldiko.android.apk,com.aldiko.android,Aldiko,300053,Unknown,7,51,5,4,3,11,62977,1,15543.400390625,1437
com.aleskovacic.messenger.apk,com.aleskovacic.messenger,Messenger,64,Unknown,12,20,7,6,2,2,75480,0,11663.6337890625,2465
com.alibaba.aliexpresshd.apk,com.alibaba.aliexpresshd,AliExpress,163,Unknown,17,117,12,8,2,13,87476,1,17614.646484375,5021
com.alibaba.intl.android.apps.poseidon.apk,com.alibaba.intl.android.apps.poseidon,Alibaba.com,76,Unknown,24,162,22,13,4,28,130152,1,21089.8662109375,2799
com.alidevebakan.alihdcamerapro.apk,com.alidevebakan.alihdcamerapro,HD Camera 2017,2,Unknown,8,6,2,3,1,4,57461,0,5320.1669921875,793
com.alifesoftware.stocktrainer.apk,com.alifesoftware.stocktrainer,Stock Trainer,100,Unknown,9,64,3,5,2,2,110044,1,19162.5029296875,1655
com.allmyelegance.GlitterWallpapers.apk,com.allmyelegance.GlitterWallpapers,Glitter wallpaper,2,Unknown,8,8,0,0,0,2,24784,0,2838.349609375,615
com.alltrails.alltrails.apk,com.alltrails.alltrails,AllTrails,4331,Unknown,15,44,12,8,1,5,95751,1,26777.0849609375,1838
com.alpha3hello.VV.apk,com.alpha3hello.VV,Hello Alpha 3,1,Unknown,2,10,0,0,0,2,18460,0,2972.9951171875,826
com.alpinereplay.android.apk,com.alpinereplay.android,Trace Snow,101702111,Unknown,14,15,10,4,1,23,78899,1,39288.609375,921
com.alvinagomes.sixpackabsphotoeditor.apk,com.alvinagomes.sixpackabsphotoeditor,Six Pack Abs Photo Editor,2,Unknown,3,22,0,0,0,2,34416,0,17789.6826171875,831
com.alzex.finance.apk,com.alzex.finance,Alzex Finance,53,Unknown,2,41,0,0,1,5,35777,1,19885.876953125,4408
com.amaxlwps.coralfish.apk,com.amaxlwps.coralfish,Coral Fish Live Wallpaper,2,Unknown,2,3,1,1,0,2,55316,0,13786.3505859375,410
com.amaxlwps.ocean3d.apk,com.amaxlwps.ocean3d,3D Ocean Live Wallpaper,20100002,Unknown,2,8,1,1,0,2,38087,1,19154.7998046875,553
com.amaxlwps.wolves.apk,com.amaxlwps.wolves,Wolves Live Wallpaper,1,Unknown,2,5,1,1,1,2,36007,0,13821.40234375,626
com.amazon.kindle.apk,com.amazon.kindle,Amazon Kindle,1144782894,Unknown,35,78,23,15,7,16,184698,1,38187.1650390625,4707
com.amazon.mShop.android.shopping.apk,com.amazon.mShop.android.shopping,Amazon Shopping,19051910,Unknown,42,121,12,19,7,19,119805,1,26900.98046875,3779
com.amazon.sellermobile.android.apk,com.amazon.sellermobile.android,Amazon Seller,147,Unknown,26,37,4,7,2,0,42153,1,8706.41796875,706
com.amble43.MemeBroker.apk,com.amble43.MemeBroker,MemeBroker,4,Unknown,1,2,0,0,0,2,20875,0,4795.337890625,780
com.amctv.thewalkingdead.deadyourself.apk,com.amctv.thewalkingdead.deadyourself,Dead Yourself,2016010445,Unknown,8,9,3,2,3,6,58697,1,28772.5615234375,797
com.amdroidalarmclock.amdroid.apk,com.amdroidalarmclock.amdroid,AMdroid,86,Unknown,22,19,35,12,1,5,43150,0,9831.6181640625,1458
com.amikulich.babysleep.apk,com.amikulich.babysleep,Baby Sleep Sounds,9,Unknown,2,3,2,1,0,2,16868,0,15620.5673828125,559
com.aminlogic.NavigationCompass.apk,com.aminlogic.NavigationCompass,GPS Navigation,7,Unknown,7,4,0,0,0,2,31670,0,2514.3173828125,464
com.amorFrases.apk,com.amorFrases,Words of Love,9,Unknown,3,2,0,0,0,2,1453,0,1037.736328125,35
com.ancestry.android.apps.ancestry.apk,com.ancestry.android.apps.ancestry,Ancestry,85,Unknown,9,17,2,2,0,3,70365,1,28978.3740234375,2273
com.anddoes.launcher.apk,com.anddoes.launcher,Apex Launcher,3101,Unknown,24,23,4,6,1,21,16854,0,4809.1474609375,1101
com.andrewtretiakov.followers_assistant.apk,com.andrewtretiakov.followers_assistant,Followers Assistant,78,Unknown,8,2,10,9,2,2,48258,1,5792.232421875,1053
com.androdiki.flygpsplus.apk,com.androdiki.flygpsplus,Fly GPS,3,Unknown,12,7,0,0,0,2,33814,0,6399.94140625,593
com.androidaplicativos.phonetrackerbynumber.apk,com.androidaplicativos.phonetrackerbynumber,Track a Phone by Number,5,Unknown,14,35,13,12,1,2,65211,0,5723.5595703125,922
com.androidrocker.callblocker.apk,com.androidrocker.callblocker,Call Blocker,42,Unknown,11,10,1,1,0,2,22858,0,1355.1025390625,172
com.andromo.dev281819.app407963.apk,com.andromo.dev281819.app407963,500+ Quotes for Every Mood,3,Unknown,4,20,0,0,1,2,16484,0,39566.5986328125,1963
com.andromo.dev430081.app392812.apk,com.andromo.dev430081.app392812,Ways To Make Money,46,Unknown,2,71,0,0,0,2,21912,0,8268.216796875,1204
com.andromo.dev540217.app558305.apk,com.andromo.dev540217.app558305,Nightcore MP3,6,Unknown,4,5,3,1,0,2,19710,0,3985.6728515625,884
com.andromo.dev565496.app554379.apk,com.andromo.dev565496.app554379,Cute Wallpapers,3,Unknown,4,5,0,0,1,2,18545,0,11357.3466796875,1011
com.andrwq.recorder.apk,com.andrwq.recorder,Smart Recorder,14,Unknown,8,8,2,1,1,2,16482,0,1066.7099609375,236
com.andymstone.metronome.apk,com.andymstone.metronome,Metronome Beats,56,Unknown,2,16,2,2,0,2,38535,0,3947.3720703125,964
com.anghami.apk,com.anghami,Anghami,471,Unknown,18,94,22,18,4,13,135866,1,17406.0126953125,2834
com.AngleApp.HappyValentineDayWish.apk,com.AngleApp.HappyValentineDayWish,Valentines Wishes 2017,5,Unknown,12,11,2,3,1,2,44273,0,4418.9140625,505
com.AngleApp.HappyValentinesWishes.apk,com.AngleApp.HappyValentinesWishes,Happy Valentines Day,2,Unknown,12,11,2,3,1,2,44273,0,4467.5068359375,505
com.AngleApp.ValentinesMessages.apk,com.AngleApp.ValentinesMessages,Valentines Card 2017,2,Unknown,12,11,2,3,1,2,44273,0,4520.9013671875,505
com.aniapps.shortstories.apk,com.aniapps.shortstories,Stories,4,Unknown,6,6,2,3,1,2,52022,0,5665.109375,706
com.antakiojuice.fremleckatapp.apk,com.antakiojuice.fremleckatapp,Lucky Patcher,1,Unknown,6,3,0,0,0,2,28987,0,2185.373046875,531
com.antivirus.apk,com.antivirus,AntiVirus,225327,Unknown,61,45,26,46,2,11,90019,1,18529.2822265625,3683
com.antutu.ABenchMark.apk,com.antutu.ABenchMark,AnTuTu Benchmark,5070500,Unknown,12,53,7,6,1,5,16619,1,35156.044921875,1047
com.anvilgard.moonknight.apk,com.anvilgard.moonknight,Knight Live Wallpaper,108,Unknown,3,2,1,0,0,2,5104,1,4555.224609375,156
com.anydo.apk,com.anydo,Any.do,6374,Unknown,29,61,37,39,6,14,103001,0,14006.2548828125,2596
com.aoemoji.keyboard.apk,com.aoemoji.keyboard,iMore Keyboard,13,Unknown,12,17,3,5,0,8,33183,1,22417.130859375,3447
com.aos.clean.security.android.boost.apk,com.aos.clean.security.android.boost,AOS Clean Pro,1006,Unknown,17,35,10,12,3,5,28164,0,3854.408203125,949
com.ap.leb.apk,com.ap.leb,Learn Electronics Basics,6,Unknown,5,3,0,0,1,2,31410,0,4261.3369140625,242
com.ap.lhc.apk,com.ap.lhc,Life hacks Cheatsheet,6,Unknown,5,3,0,0,1,2,31410,0,22454.1181640625,279
com.apalon.optimizer.apk,com.apalon.optimizer,Booster Kit,15,Unknown,24,43,22,19,2,26,85291,0,8021.328125,1273
com.apalon.ringtones.apk,com.apalon.ringtones,Ringtones & Wallpapers for Me,25,Unknown,11,32,18,16,1,3,78747,0,23554.453125,1356
com.apexmobilegames.smashblaster.apk,com.apexmobilegames.smashblaster,SMASH BLASTER,102,Unknown,5,5,1,4,1,2,20197,1,29462.1357421875,993
com.app.copticreader.apk,com.app.copticreader,Coptic Reader,113,Unknown,5,6,0,0,0,2,5290,0,19086.73828125,4159
com.app.familytv.apk,com.app.familytv,iptv family m3u,10,Unknown,21,56,9,4,0,21,85627,1,26859.7724609375,1906
com.app.guidelenses.apk,com.app.guidelenses,Guide Lenses for Snapchat,3,Unknown,5,8,0,0,0,2,24402,0,3775.93359375,356
com.app.kitchenjukebox.apk,com.app.kitchenjukebox,Kitchen Jukebox,162,Unknown,21,56,9,4,0,21,85623,1,26589.05859375,1905
com.app.my.dream.valentinesdaycards.apk,com.app.my.dream.valentinesdaycards,Valentines Day Cards,3,Unknown,5,4,0,0,1,4,24838,0,3769.5380859375,339
com.app.sporttvlive.apk,com.app.sporttvlive,sport TV Live,12,Unknown,16,11,3,4,0,2,50029,1,15857.736328125,494
com.app2game.romantic.photo.frames.apk,com.app2game.romantic.photo.frames,Romantic Love Photo Frames,4,Unknown,4,11,0,0,0,8,24236,0,14822.7431640625,787
com.appblockgames.freecraftexploration.apk,com.appblockgames.freecraftexploration,MOD-MASTER,176,Unknown,11,19,2,4,1,4,37084,0,3240.9736328125,775
com.appcom.hikster.apk,com.appcom.hikster,Hikster,9,Unknown,5,13,1,0,0,2,44519,0,6712.3994140625,929
com.appcom.lecampeur.apk,com.appcom.lecampeur,Le Campeur,10,Unknown,8,17,3,0,0,2,51306,0,7376.7001953125,1133
com.apple.movetoios.apk,com.apple.movetoios,Move to iOS,2100,Unknown,13,1,0,1,0,2,4411,1,2393.9814453125,157
com.applepie4.mylittlepet.en.apk,com.applepie4.mylittlepet.en,Hellopet,75,Unknown,22,32,5,10,0,12,48693,1,11228.150390625,1813
com.applicaster.babytv.vod.apk,com.applicaster.babytv.vod,BabyTV,20,Unknown,12,50,6,5,0,6,57059,0,23221.01953125,3682
com.application.animefacechanger.apk,com.application.animefacechanger,Anime Face Changer,4,Unknown,8,6,0,0,0,2,39853,0,5434.0146484375,202
com.applisto.appcloner.apk,com.applisto.appcloner,App Cloner,53,Unknown,7,12,0,1,1,4,40809,0,4270.7119140625,580
com.appnana.android.giftcardrewards.apk,com.appnana.android.giftcardrewards,AppNana,15576,Unknown,6,16,1,1,0,2,58461,1,24687.3193359375,740
com.appple.app.email.apk,com.appple.app.email,Mail,10,Unknown,23,30,7,5,4,15,41389,0,5145.1796875,968
com.apps.go.clean.boost.master.apk,com.apps.go.clean.boost.master,Super Cleaner,11518,Unknown,48,60,11,14,6,38,53497,1,6302.771484375,1401
com.apps.tomlinson.thefut17draftsimulator.apk,com.apps.tomlinson.thefut17draftsimulator,FUT 17 Draft Simulator,15,Unknown,2,19,0,0,0,2,30837,0,15189.9521484375,1239
com.appsgoof.sparklywallpaper.apk,com.appsgoof.sparklywallpaper,Sparkly Wallpaper,10,Unknown,4,2,0,0,0,2,26713,0,6300.3251953125,47
com.appsongstrolls.apk,com.appsongstrolls,Trolls Soundtrack Songs,1,Unknown,3,26,0,0,0,2,34609,0,3957.494140625,542
com.appspot.scruffapp.apk,com.appspot.scruffapp,Scruff,787,Unknown,17,58,5,7,1,5,56653,0,17532.3818359375,1709
com.appswiz.alwaaha.apk,com.appswiz.alwaaha,Al Waaha,4,Unknown,8,3,5,2,1,2,36091,0,2828.3251953125,563
com.appswiz.kodisetup.apk,com.appswiz.kodisetup,Kodi setup,2,Unknown,8,3,5,2,1,2,36102,0,2890.38671875,562
com.appswiz.kodistreamings.apk,com.appswiz.kodistreamings,Kodi Streamings,1,Unknown,10,3,5,2,1,2,36213,0,2893.908203125,562
com.appswiz.papersplease.apk,com.appswiz.papersplease,Papers Please,1,Unknown,10,3,5,2,1,2,36213,0,2905.005859375,562
com.apptales.classifieds.apk,com.apptales.classifieds,classifieds,9,Unknown,8,10,7,5,1,7,81755,0,7698.0078125,1302
com.apptoide.free.apk,com.apptoide.free,Apptoide Reference,1,Unknown,11,9,4,3,1,2,36335,0,4267.6962890625,565
com.appturbo.appoftheday2015.apk,com.appturbo.appoftheday2015,App of the Day,372,Unknown,7,17,6,12,4,8,67688,0,7565.7705078125,1076
com.appxy.pocketexpense.apk,com.appxy.pocketexpense,Expense,13,Unknown,9,55,3,3,0,2,50606,0,8619.6142578125,1183
com.appyown.valentinephotoframes.apk,com.appyown.valentinephotoframes,Valentine Photo Frames,7,Unknown,9,9,2,3,1,2,41529,0,5492.830078125,639
com.appzess.valentinedayphotoframes.apk,com.appzess.valentinedayphotoframes,Valentine Day Photo Frames,6,Unknown,9,5,0,0,0,2,47814,0,8275.3759765625,573
com.apstoide.apk,com.apstoide,Apstoide tuto,1,Unknown,7,6,0,0,0,6,4939,0,3340.5068359375,29
com.apusapps.launcher.apk,com.apusapps.launcher,APUS,235,Unknown,48,145,19,17,16,27,72700,1,8076.2890625,2167
com.aqreadd.lw.valentines.gle.lite.apk,com.aqreadd.lw.valentines.gle.lite,Hearts Lite Live Wallpaper,31,Unknown,7,7,4,4,1,3,25567,0,4884.1279296875,859
com.AquariumLiveWallpapernn.apk,com.AquariumLiveWallpapernn,Aquarium Live Wallpaper,21,Unknown,6,15,4,2,0,2,53057,0,13386.1240234375,570
com.arabe.banatchat.mobachircamera.apk,com.arabe.banatchat.mobachircamera,دردشة بنات,6,Unknown,3,5,0,0,0,2,16085,0,5867.5380859375,1161
com.ArbiterSports.ArbiterSports.apk,com.ArbiterSports.ArbiterSports,ArbiterMobile,103104,Unknown,4,3,0,0,1,2,31383,1,21346.09765625,642
com.arcadegame.games.bingo.holiday.free.slots.bash.apk,com.arcadegame.games.bingo.holiday.free.slots.bash,Bingo Holiday,47,Unknown,32,9,6,9,1,6,65138,1,48144.251953125,3170
com.areyouinterested.android.apk,com.areyouinterested.android,FirstMet,100003282,Unknown,11,6,5,4,1,3,45178,1,23886.2294921875,640
com.armobi.recipes.apk,com.armobi.recipes,Recipes,39,Unknown,20,11,8,8,1,7,64532,0,4307.9453125,762
com.arrowshapes.cat.pattern.screen.lock.apk,com.arrowshapes.cat.pattern.screen.lock,Cat Pattern Screen Lock,23,Unknown,6,10,1,1,0,2,30757,0,6652.2890625,558
com.arsenal.geosuper.apk,com.arsenal.geosuper,PSL Live Stream,1,Unknown,3,10,0,0,1,2,33019,1,15347.4521484375,546
com.asdhillon.admin.gymapplication.apk,com.asdhillon.admin.gymapplication,GymMentor,7,Unknown,2,241,0,0,0,3,31325,0,4190.2060546875,809
com.asiainno.uplive.apk,com.asiainno.uplive,Up直播,4067,Unknown,37,67,15,9,4,26,211704,1,27108.0712890625,1844
com.asiandate.apk,com.asiandate,AsianDate,24,Unknown,16,9,7,10,1,5,48630,0,16542.1689453125,1125
com.asos.app.apk,com.asos.app,ASOS,153,Unknown,11,85,5,6,2,14,86083,1,30648.9072265625,2348
com.astone.manhairstyle.editor.apk,com.astone.manhairstyle.editor,Man Hairstyle,4,Unknown,8,13,0,0,0,2,57812,0,8377.9072265625,737
com.astroid.yodha.apk,com.astroid.yodha,Yodha,3002750,Unknown,13,3,2,4,1,3,61762,0,9302.3212890625,1231
com.astroid.yodha.pro.apk,com.astroid.yodha.pro,Yodha Pro,3003650,Unknown,13,3,2,4,1,3,61793,0,9211.2939453125,1227
com.asurion.android.wm.mobilesecurity.apk,com.asurion.android.wm.mobilesecurity,Soluto,1002319,Unknown,51,80,50,29,0,9,60643,1,21151.2939453125,1960
com.at.meme.maker.apk,com.at.meme.maker,Meme Maker,131,Unknown,4,6,0,0,0,2,26664,0,5295.673828125,218
com.athan.apk,com.athan,Athan,2017021702,Unknown,15,34,12,14,2,3,74635,0,30010.20703125,923
com.atistudios.ispeak.fr.apk,com.atistudios.ispeak.fr,French,2021,Unknown,17,6,2,10,0,2,57901,1,27911.013671875,628
com.atistudios.italk.ar.apk,com.atistudios.italk.ar,Arabic,2022,Unknown,17,6,2,10,0,2,57901,1,28150.7333984375,657
com.atistudios.italk.brazilian.apk,com.atistudios.italk.brazilian,Brazilian Portuguese,2021,Unknown,17,6,2,10,0,2,57901,1,27913.4677734375,628
com.atistudios.italk.cs.apk,com.atistudios.italk.cs,Czech,2021,Unknown,17,6,2,10,0,2,57901,1,27921.1708984375,628
com.atistudios.italk.el.apk,com.atistudios.italk.el,Greek,2021,Unknown,17,6,2,10,0,2,57901,1,27928.9267578125,628
com.atistudios.italk.es.apk,com.atistudios.italk.es,Spanish,2021,Unknown,17,6,2,10,0,2,57901,1,27912.79296875,628
com.atistudios.italk.he.apk,com.atistudios.italk.he,Hebrew,2021,Unknown,17,6,2,10,0,2,57901,1,27925.75390625,628
com.atistudios.italk.ja.apk,com.atistudios.italk.ja,Japanese,2021,Unknown,17,6,2,10,0,2,57901,1,27927.3408203125,628
com.atistudios.italk.pl.apk,com.atistudios.italk.pl,Polish,2021,Unknown,17,6,2,10,0,2,57901,1,27922.076171875,628
com.atistudios.italk.ru.apk,com.atistudios.italk.ru,Russian,2021,Unknown,17,6,2,10,0,2,57901,1,27923.2158203125,628
com.atistudios.italk.us.apk,com.atistudios.italk.us,American English,2021,Unknown,17,6,2,10,0,2,57901,1,27924.8662109375,628
com.atistudios.mondly.languages.apk,com.atistudios.mondly.languages,Mondly Languages,2022,Unknown,17,6,3,10,0,2,54206,1,30612.669921875,1104
com.atlasappco.draftkingsdailyfootball.apk,com.atlasappco.draftkingsdailyfootball,@7F070035,80,Unknown,10,24,6,4,1,2,49559,0,12800.9521484375,937
com.atlasappco.fanduellineups.apk,com.atlasappco.fanduellineups,@7F070035,80,Unknown,11,24,6,4,1,2,49559,0,12761.54296875,936
com.atomic.apps.ringtone.cutter.apk,com.atomic.apps.ringtone.cutter,MP3 Cutter and Ringtone Maker,200000,Unknown,4,5,0,0,0,5,2939,0,883.85546875,171
com.audiobooks.androidapp.apk,com.audiobooks.androidapp,Audiobooks,60,Unknown,12,25,9,9,1,5,95965,1,17603.013671875,2002
com.augmentra.viewranger.android.apk,com.augmentra.viewranger.android,ViewRanger,700044,Unknown,9,45,6,8,3,8,64709,0,14196.5556640625,2285
com.aurasma.aurasma.apk,com.aurasma.aurasma,Aurasma,1238461,Unknown,7,27,0,1,1,5,20675,1,18628.15234375,477
com.autodesk.autocadws.apk,com.autodesk.autocadws,AutoCAD 360,40209000,Unknown,11,24,5,6,2,10,40637,1,24710.6328125,3072
com.autoenglish.aebooks.apk,com.autoenglish.aebooks,Book802,21,Unknown,5,7,1,0,1,6,11340,1,2687.337890625,462
com.avast.android.batterysaver.apk,com.avast.android.batterysaver,Avast Battery Saver,2977,Unknown,35,45,32,41,1,19,91484,0,11165.8203125,2190
com.avast.android.cleaner.apk,com.avast.android.cleaner,Avast Cleanup,952,Unknown,14,9,7,13,0,8,35922,0,8468.591796875,798
com.avast.android.mobilesecurity.apk,com.avast.android.mobilesecurity,Avast Mobile Security,14677,Unknown,49,72,56,43,2,13,103457,1,18187.8056640625,3227
com.avg.cleaner.apk,com.avg.cleaner,AVG Cleaner,213122,Unknown,43,28,26,32,1,5,85544,1,18634.529296875,2999
com.avira.android.apk,com.avira.android,Avira,4021,Unknown,45,86,25,32,5,5,39795,1,11934.609375,2061
com.awe.dev.pro.tv.apk,com.awe.dev.pro.tv,TVLauncher,30020,Unknown,10,7,1,1,0,2,39223,0,4619.2841796875,643
com.axion.voicescreenlock.apk,com.axion.voicescreenlock,Voice Lock Screen new,9,Unknown,8,9,1,1,0,2,38703,0,4876.1572265625,297
com.azure.authenticator.apk,com.azure.authenticator,Authenticator,37,Unknown,22,23,12,5,1,9,42524,1,5569.71484375,428
com.b197e4dae61411e6bf01fe55135034f3.apk,com.b197e4dae61411e6bf01fe55135034f3,UNLOCKER 3,3000002,Unknown,2,3,0,0,0,6,12792,0,754.6064453125,20
com.baiwang.styleinstabox.apk,com.baiwang.styleinstabox,SquarePic,73,Unknown,17,28,7,7,3,4,64456,1,18404.18359375,3185
com.balleight.pool.guide.apk,com.balleight.pool.guide,8 BALL PO-OL,1,Unknown,5,6,0,0,0,2,21339,0,1811.76953125,388
com.baloota.dumpster.apk,com.baloota.dumpster,Dumpster,254,Unknown,15,32,116,24,8,6,88657,1,10066.4794921875,1941
com.bamnetworks.mobile.android.ballpark.apk,com.bamnetworks.mobile.android.ballpark,Ballpark,5240294,Unknown,17,69,7,3,0,4,61973,1,16583.228515625,3169
com.barchart.app.apk,com.barchart.app,Barchart,36,Unknown,11,55,1,2,0,2,55263,0,8352.3515625,1452
com.bauermedia.us.epaper.intouch.apk,com.bauermedia.us.epaper.intouch,InTouch,11,Unknown,9,4,1,1,0,2,18861,1,7250.12890625,534
com.beakerapps.instameter2.apk,com.beakerapps.instameter2,FollowMeter,21,Unknown,11,3,1,1,0,2,40344,0,3622.150390625,736
com.beautyapps.makeup.beauty.photo.effects.apk,com.beautyapps.makeup.beauty.photo.effects,Makeup Beauty Photo,4,Unknown,8,5,0,0,0,2,38663,0,7012.994140625,857
com.berrybongobrother.donaldtrumpsoundboard.apk,com.berrybongobrother.donaldtrumpsoundboard,Donald Trump Soundboard,17,Unknown,5,4,0,0,1,2,32881,0,11293.8466796875,853
com.Best.guidecandycrushsodasaga.apk,com.Best.guidecandycrushsodasaga,Guide Candy Crush Soda Saga,1,Unknown,3,5,0,0,0,3,32666,0,2495.390625,432
com.bestweatherfor.bibleoffline_pt_ra.apk,com.bestweatherfor.bibleoffline_pt_ra,Bible Offline,602,Unknown,13,24,10,12,3,5,52230,0,13884.2099609375,1150
com.bf.app7418de.apk,com.bf.app7418de,Halton Region,10002,Unknown,24,5,3,7,0,2,20544,0,3614.5576171875,221
com.bible.kids.apk,com.bible.kids,Bible for Kids,107,Unknown,15,8,2,2,0,3,29233,1,44856.447265625,2450
com.bidgely.mobile.energyfit.apk,com.bidgely.mobile.energyfit,HomeBeat,13208,Unknown,13,8,4,4,0,3,58375,0,17593.45703125,1862
com.bigapps.xperror.apk,com.bigapps.xperror,XP Error,3,Unknown,2,2,0,0,0,2,28228,0,2787.5048828125,393
com.bigduckgames.flow.apk,com.bigduckgames.flow,Flow Free,30501,Unknown,5,16,0,2,1,2,55212,1,10520.5703125,602
com.bigfishgames.llfbgoogfree.apk,com.bigfishgames.llfbgoogfree,Frozen Beauty,12,Unknown,13,10,3,9,1,5,72411,1,35010.505859375,1249
com.bitdefender.security.apk,com.bitdefender.security,Antivirus,2082224,Unknown,36,32,23,32,1,4,40673,1,9507.1396484375,1750
com.bitmisrow.legobatman.apk,com.bitmisrow.legobatman,Guide LEGO Batman,1,Unknown,5,12,0,0,0,2,43753,0,3352.580078125,494
com.bitmisrow.legoninjagorebooted.apk,com.bitmisrow.legoninjagorebooted,Guide LEGO Ninjago REBOOTED,1,Unknown,5,12,0,0,0,2,43753,0,3303.119140625,494
com.bitsmedia.android.muslimpro.apk,com.bitsmedia.android.muslimpro,Muslim Pro,90101,Unknown,23,61,7,10,4,30,51538,1,15106.9091796875,2130
com.bitwize10.supersimpleshoppinglist.apk,com.bitwize10.supersimpleshoppinglist,Shopping List,20601,Unknown,5,7,4,4,1,3,32169,0,2396.2275390625,786
com.bizlog.triplog.apk,com.bizlog.triplog,TripLog 2.0,17,Unknown,11,16,4,7,0,9,58915,0,6163.6435546875,1063
com.bizzabo.client.apk,com.bizzabo.client,Bizzabo,331,Unknown,20,39,4,3,1,15,76806,0,9272.845703125,1522
com.bjoernbartels.fourplus.apk,com.bjoernbartels.fourplus,Four Plus,103,Unknown,4,6,1,4,1,2,22999,1,11635.373046875,384
com.bkmsofttech.WatterFallLiveWallpaper.apk,com.bkmsofttech.WatterFallLiveWallpaper,WaterFall live Wallpaper,5,Unknown,6,5,1,0,0,3,29850,0,7761.0029296875,498
com.bktranslator.enlishjapanese.apk,com.bktranslator.enlishjapanese,English Japanese Translator,5,Unknown,6,3,1,0,0,2,18313,0,1741.498046875,463
com.blackberry.docstogo.gdapp.apk,com.blackberry.docstogo.gdapp,Docs To Go,102000062,Unknown,10,15,3,0,0,4,31872,1,24042.86328125,1411
com.blackbirdwallpapers.hdlivewallpapers.apk,com.blackbirdwallpapers.hdlivewallpapers,HD Live Wallpapers,1,Unknown,2,5,1,1,0,2,36419,0,18160.783203125,608
com.blackbirdwallpapers.inkinwater.apk,com.blackbirdwallpapers.inkinwater,Ink in Water Live Wallpaper,3,Unknown,3,5,1,1,0,2,36425,0,5361.578125,552
com.blackraveninteractive.city.bridal.limo.car.simulator.apk,com.blackraveninteractive.city.bridal.limo.car.simulator,City Bridal Limo Car Simulator,1,Unknown,4,6,0,0,0,2,34567,1,46786.42578125,774
com.blakezie.name.tattoos.apk,com.blakezie.name.tattoos,Name Tattoos,12,Unknown,8,22,2,1,1,2,19472,0,10121.1640625,1054
com.bleacherreport.android.teamstream.apk,com.bleacherreport.android.teamstream,BR Team Stream,5378,Unknown,9,19,1,4,0,21,73319,1,10161.904296875,1182
com.blodhgard.easybudget.apk,com.blodhgard.easybudget,Fast Budget,14114,Unknown,9,9,5,8,1,8,71116,0,9279.373046875,1759
com.bmo.investorline.apk,com.bmo.investorline,InvestorLine,10403,Unknown,3,1,0,0,0,2,23421,0,2743.6455078125,625
com.bms.romanceg.apk,com.bms.romanceg,로맨스소설 Club,300090,Unknown,10,37,0,1,0,5,14100,0,11982.619140625,461
com.bookmark.money.apk,com.bookmark.money,Money Lover,1051,Unknown,18,112,15,34,1,21,86620,1,20292.2646484375,3254
com.bookmate.apk,com.bookmate,Bookmate,218,Unknown,13,28,3,3,0,14,23408,0,5804.4560546875,784
com.bookpalcomics.secretlove.apk,com.bookpalcomics.secretlove,Secret Love,111,Unknown,14,38,1,3,0,5,58918,0,7360.396484375,913
com.boosty.followplus.apk,com.boosty.followplus,Boost My Followers,110,Unknown,3,1,0,0,1,2,27210,1,21340.580078125,585
com.box.android.apk,com.box.android,Box,400461,Unknown,17,93,10,10,2,32,60055,1,17270.072265625,1347
com.bp.fingerprint.bloodpressure.prank.free.apk,com.bp.fingerprint.bloodpressure.prank.free,Finger Blood Pressure Prank,3,Unknown,9,23,5,4,1,2,33951,0,6339.697265625,871
com.brakefield.painter.apk,com.brakefield.painter,Painter,178,Unknown,5,24,0,0,0,3,27832,0,19602.1337890625,860
com.bramerz.psl.apk,com.bramerz.psl,PSL,17,Unknown,2,1,0,0,0,2,1863,0,5389.025390625,637
com.bratbull.gesturecall.apk,com.bratbull.gesturecall,Gesture2Call,1,Unknown,7,4,1,1,0,2,36459,0,2472.0380859375,394
com.bravolang.phrasebook.apk,com.bravolang.phrasebook,Phrasebook,50,Unknown,6,23,3,2,1,3,62424,1,48525.876953125,5516
com.brother.mfc.brprint.apk,com.brother.mfc.brprint,iPrint&Scan,135,Unknown,14,56,0,0,0,24,60407,1,30465.9384765625,3064
com.busuu.android.enc.apk,com.busuu.android.enc,busuu,165,Unknown,17,44,10,8,0,5,130736,1,32498.4873046875,3813
com.buymeapie.bmap.apk,com.buymeapie.bmap,Buy Me a Pie!,64,Unknown,12,11,2,3,5,5,47672,0,5133.8095703125,1094
com.buzz.redlightontrade.apk,com.buzz.redlightontrade,Red Lights,5,Unknown,11,27,0,0,0,9,16264,0,4038.216796875,704
com.buzzfeed.android.apk,com.buzzfeed.android,BuzzFeed,430008,Unknown,14,14,6,6,2,7,53112,1,6424.3671875,1282
com.c51.apk,com.c51,@7F060201,40,Unknown,8,44,2,3,1,6,52980,1,8152.916015625,1227
com.calculator.gems.coc.guide.clashofclans.apk,com.calculator.gems.coc.guide.clashofclans,COC Gems For Clasher prank,10400014,Unknown,2,2,0,0,0,2,41008,0,3009.005859375,597
com.camerasideas.instashot.apk,com.camerasideas.instashot,InShot,135,Unknown,8,30,6,3,0,5,57758,1,20312.1591796875,2395
com.camiu.camera.apk,com.camiu.camera,Rettro 2017,2,Unknown,3,6,1,1,1,4,56194,1,9790.412109375,609
com.camshare.camfrog.android.apk,com.camshare.camfrog.android,Camfrog,5315,Unknown,16,42,6,7,2,3,103520,1,14919.2490234375,2824
com.camtechstudio.lumiocam.apk,com.camtechstudio.lumiocam,Lumio Cam,50,Unknown,13,3,1,0,0,4,6969,0,12047.943359375,932
com.candl.athena.apk,com.candl.athena,CALCU,3100,Unknown,5,27,0,1,1,5,57019,0,5951.197265625,857
com.cardinalblue.piccollage.google.apk,com.cardinalblue.piccollage.google,Pic Collage,60511,Unknown,15,96,14,10,6,11,116189,1,26386.9775390625,2769
com.carscoloringbook.queen.apk,com.carscoloringbook.queen,Mcqueen,2,Unknown,5,14,1,0,0,4,44136,0,17234.4033203125,862
com.catdaddy.cat22.apk,com.catdaddy.cat22,WWE SuperCard,235293,Unknown,12,7,3,4,0,5,46696,1,47656.9091796875,491
com.cbi.BibleReader.apk,com.cbi.BibleReader,漢語聖經,1702020,Unknown,6,29,3,4,2,7,12987,0,8871.2978515625,456
com.centris_mobile.apk,com.centris_mobile,Centris.ca,721,Unknown,25,27,7,4,2,29,69570,0,10475.1806640625,1048
com.cerego.iknow.apk,com.cerego.iknow,iKnow!,40203,Unknown,10,24,4,3,0,5,46586,1,5462.1640625,1408
com.cf.flightsearch.apk,com.cf.flightsearch,Cheapflights,1150,Unknown,13,47,5,6,1,6,46631,0,6576.033203125,2435
com.cg.android.pregnancytracker.apk,com.cg.android.pregnancytracker,Pregnancy,507,Unknown,11,10,0,1,1,2,35920,0,39668.5947265625,1769
com.cgspecialfx.newlovecollageframeshdphoto.apk,com.cgspecialfx.newlovecollageframeshdphoto,Love Collage Valentine Frames,1,Unknown,5,7,0,0,0,2,18218,0,5767.607421875,854
com.chartmobi.chartmobi_canada.apk,com.chartmobi.chartmobi_canada,Stockmobi,16,Unknown,12,40,4,5,2,6,60274,0,7657.3984375,1433
com.chatgum.chat.rooms.apk,com.chatgum.chat.rooms,ChatGum,212614,Unknown,15,5,4,5,0,3,61834,1,9569.810546875,383
com.chatous.chatous.apk,com.chatous.chatous,Chatous,322,Unknown,17,40,4,6,1,3,69995,1,28436.0244140625,4265
com.chatous.plaza.apk,com.chatous.plaza,Plaza,101,Unknown,14,74,8,3,1,3,55716,1,12543.009765625,2246
com.cheerfulinc.flipagram.apk,com.cheerfulinc.flipagram,Flipagram,8945,Unknown,20,63,6,5,6,5,115486,1,23617.435546875,2772
com.chegg.apk,com.chegg,Chegg,69,Unknown,13,37,6,3,2,36,59440,0,13763.2099609375,1791
com.chestclash.royalsimulator.apk,com.chestclash.royalsimulator,Chest Clash Royal,1,Unknown,5,14,0,0,1,2,51976,0,12965.3017578125,1036
com.chineseskill.lan_tool.sc.apk,com.chineseskill.lan_tool.sc,LearnChinese,14,Unknown,5,41,3,3,0,2,43065,1,12653.125,1600
com.cibc.android.mobi.apk,com.cibc.android.mobi,Banking,15007,Unknown,10,77,2,3,2,57,68898,1,23517.2685546875,3571
com.CicmilicValentinesDayCards.apk,com.CicmilicValentinesDayCards,Valentine's Greeting Cards,3,Unknown,4,14,0,0,1,2,40829,1,8554.953125,491
com.clashofclans.gemscoc.apk,com.clashofclans.gemscoc,COC GEMS,3,Unknown,2,11,0,0,0,2,18254,0,2089.1357421875,493
com.classdojo.android.apk,com.classdojo.android,ClassDojo,4010014,Unknown,15,60,10,5,1,3,61312,1,31128.3125,3011
com.classiclistening.freemusic.apk,com.classiclistening.freemusic,FreeMusic,208,Unknown,4,3,2,1,1,2,22061,0,1660.693359375,747
com.clean.security.memory.booster.battery.apk,com.clean.security.memory.booster.battery,CleanMyAndroid,1212,Unknown,16,31,9,11,3,5,27584,0,3706.19140625,868
com.cleanmaster.mguard.apk,com.cleanmaster.mguard,Clean Master,51463849,Unknown,35,214,34,52,10,55,114506,1,21216.3408203125,4750
com.cleanmaster.security.apk,com.cleanmaster.security,CM Security,30251046,Unknown,70,273,31,38,20,63,25583,1,18533.6689453125,3751
com.clear.loud.apk,com.clear.loud,Super Loud Ringtones,30,Unknown,8,14,1,1,0,2,65237,0,7520.271484375,378
com.clear.superfunny.apk,com.clear.superfunny,Super Funny Ringtones,29,Unknown,8,14,1,1,0,2,65330,0,11815.728515625,371
com.cleevio.spendee.apk,com.cleevio.spendee,Spendee,3001,Unknown,19,47,10,6,1,4,59429,0,6949.1015625,1556
com.clickapps.offline.english.dictionary.apk,com.clickapps.offline.english.dictionary,Offline English Dictionary,1,Unknown,4,4,0,0,0,2,54715,0,19972.3486328125,628
com.cloudmosa.puffinFree.apk,com.cloudmosa.puffinFree,Puffin,14965,Unknown,12,6,1,1,0,3,24385,1,25714.3798828125,1222
com.clue.android.apk,com.clue.android,Clue,1724,Unknown,16,92,11,10,4,69,64952,1,13545.6123046875,3290
com.clusor.ice.apk,com.clusor.ice,ICEcard,18,Unknown,12,17,3,5,0,5,9073,0,2232.4130859375,560
com.cmcm.locker.theme.l102837289.apk,com.cmcm.locker.theme.l102837289,SweetHeart,10108,Unknown,5,1,0,3,0,2,3451,1,2950.1513671875,86
com.cmplay.dancingline.apk,com.cmplay.dancingline,Dancing Line,1000026,Unknown,8,46,6,8,2,6,64058,1,27000.2998046875,619
com.code_breaker.RubikCubeSolver2x2.apk,com.code_breaker.RubikCubeSolver2x2,2x2 Rubik Cube Solver,1,Unknown,5,9,0,0,0,2,34940,0,2946.849609375,540
com.conard.nerosinfernoslots.apk,com.conard.nerosinfernoslots,Neros Inferno Slots,4,Unknown,11,13,2,8,0,7,58054,0,20772.873046875,707
com.cool.raftsurvival.apk,com.cool.raftsurvival,Raft Survival,1,Unknown,1,1,0,0,0,2,8555,0,771.1025390625,299
com.corus.tve.disneyfrench.apk,com.corus.tve.disneyfrench,Disney,47,Unknown,9,2,1,0,0,2,17198,1,43892.5361328125,1212
com.cruiseinfotech.sixpackphotoeditor.apk,com.cruiseinfotech.sixpackphotoeditor,Six Pack Photo Editor,2,Unknown,2,11,0,0,0,2,26711,0,12968.716796875,311
com.css.selfhealing.apk,com.css.selfhealing,Self Healing,3,Unknown,5,10,0,3,0,2,42965,0,31638.466796875,550
com.dance.nada.apk,com.dance.nada,Hey! Dancers,4,Unknown,24,27,0,2,1,3,62960,1,26581.224609375,471
com.dannyconnell.android.fudget.apk,com.dannyconnell.android.fudget,Fudget,2000038,Unknown,4,3,2,2,0,2,25259,0,4798.9619140625,369
com.dashlane.apk,com.dashlane,Dashlane,1691,Unknown,38,42,12,18,3,31,60542,1,24707.9453125,2962
com.delco.courier.apk,com.delco.courier,Courier,57,Unknown,8,23,7,6,1,2,46209,0,5565.88671875,1398
com.depadstudio.sugardaddy.apk,com.depadstudio.sugardaddy,Sugardaddy Dating,106,Unknown,21,37,6,3,0,2,52127,0,8142.037109375,1744
com.despdev.weight_loss_calculator.apk,com.despdev.weight_loss_calculator,FitSlip,51,Unknown,7,13,4,6,2,2,34439,0,3447.767578125,845
com.dev.maqs.guidefortemplerun2.apk,com.dev.maqs.guidefortemplerun2,Guide For Temple Run 2,3,Unknown,2,4,0,0,0,2,30627,0,2996.46484375,610
com.dev36.chest.apk,com.dev36.chest,Chest Simulator,1,Unknown,5,14,0,0,1,2,51951,0,12617.443359375,994
com.diskdaddy.vinylcafeplayer.apk,com.diskdaddy.vinylcafeplayer,Vinyl Café Player,6,Unknown,5,1,0,0,0,2,4562,0,999.2890625,44
com.dk.omega.chat.apk,com.dk.omega.chat,Omega Chat,2,Unknown,4,3,0,0,0,2,27440,0,2081.6787109375,503
com.dmkaslijn.kidzbobmusiclyrics.apk,com.dmkaslijn.kidzbobmusiclyrics,Best Songs of Kidz Bop,1,Unknown,4,2,0,0,0,2,22518,0,3271.1103515625,590
com.doctorondemand.android.patient.apk,com.doctorondemand.android.patient,Doctor On Demand,614,Unknown,16,104,1,3,0,5,40282,1,30157.7626953125,1305
com.dojomadness.lolsumo.apk,com.dojomadness.lolsumo,LOLSUMO,137,Unknown,11,50,9,8,1,2,88368,0,27741.8349609375,1589
com.domobile.applock.apk,com.domobile.applock,AppLock,2017021701,Unknown,36,31,16,10,2,13,45195,0,4260.3037109375,1084
com.doodle.bubbleshooter.apk,com.doodle.bubbleshooter,Bubble Shooter,5,Unknown,2,4,1,2,0,2,46009,1,7968.5341796875,421
com.dozingcatsoftware.asciicam.apk,com.dozingcatsoftware.asciicam,AsciiCam,11,Unknown,2,5,0,2,0,2,3075,1,263.0185546875,50
com.dwgsee.dwgviewer.apk,com.dwgsee.dwgviewer,DWGSee,423,Unknown,4,4,0,0,0,5,429,1,32328.2080078125,853
com.dydbook.bible.apk,com.dydbook.bible,성경일독Q,101,Unknown,11,14,9,10,1,7,77732,0,23248.1484375,1862
com.earlystart.android.monkeyjunior.apk,com.earlystart.android.monkeyjunior,Monkey Junior,1458289239,Unknown,9,2,7,7,1,2,22814,1,12528.8046875,350
com.easilydo.apk,com.easilydo,EasilyDo,2158,Unknown,26,70,3,7,0,10,47532,0,18680.73046875,1228
com.easyone.sims4guide.apk,com.easyone.sims4guide,Gudie Sims 4,1,Unknown,8,5,2,4,1,2,32223,0,2714.251953125,514
com.economist.wif.apk,com.economist.wif,World In Figures,71,Unknown,16,11,7,4,1,5,38824,1,21898.302734375,2100
com.eiref.boatcoach.apk,com.eiref.boatcoach,BoatCoach,132,Unknown,18,22,0,0,0,3,56845,0,5662.9130859375,744
com.ElfizMedia.Djdubstepmscmkrpd.apk,com.ElfizMedia.Djdubstepmscmkrpd,DJ Dubstep Music Maker Pad,3,Unknown,7,7,0,1,0,2,46433,1,23056.400390625,201
com.enzuredigital.weatherbomb.apk,com.enzuredigital.weatherbomb,WeatherBomb,1078,Unknown,11,11,6,5,2,3,29524,0,3666.9228515625,947
com.epocrates.apk,com.epocrates,Epocrates,430,Unknown,16,144,1,3,2,5,54154,0,12232.4921875,3894
com.ergonlabs.SabbathSchoolAudio.apk,com.ergonlabs.SabbathSchoolAudio,Sabbath School Audio,460,Unknown,6,4,2,1,0,5,42219,0,4776.603515625,503
com.everycircuit.free.apk,com.everycircuit.free,EveryCircuit,52,Unknown,7,17,0,1,0,7,42145,1,7813.2138671875,1595
com.excelatlife.motivation.apk,com.excelatlife.motivation,Qi Gong Meditation Relaxation,23,Unknown,3,22,1,1,0,2,33657,0,4459.1328125,224
com.explorationbase.ExplorationLite.apk,com.explorationbase.ExplorationLite,Exploration Lite,1030306,Unknown,0,1,0,0,0,2,5338,1,2365.21484375,154
com.ezitools.fingerliedetectorprankapp.apk,com.ezitools.fingerliedetectorprankapp,finger lie detector Prank App,2,Unknown,4,3,0,0,0,2,34964,0,3688.3583984375,475
com.fast.memory.booster.master.speed.apk,com.fast.memory.booster.master.speed,Speed Clean,18,Unknown,14,12,8,2,0,4,18270,1,3078.146484375,358
com.fedex.ida.android.apk,com.fedex.ida.android,FedEx,43,Unknown,21,143,12,6,1,16,101357,1,20156.861328125,2380
com.fevdev.nakedbrowser.apk,com.fevdev.nakedbrowser,Naked Browser,124,Unknown,5,4,1,1,0,5,1282,0,119.76953125,51
com.finperssaver.apk,com.finperssaver,Finance PM,68,Unknown,11,11,11,10,2,2,51663,0,6673.0087890625,974
com.fivetouchsolutions.emcmba2017.apk,com.fivetouchsolutions.emcmba2017,CMBA2017,10000,Unknown,7,3,3,1,0,2,18333,0,4059.0283203125,139
com.flyersoft.moonreader.apk,com.flyersoft.moonreader,Moon+ Reader,412002,Unknown,8,16,4,5,2,8,53047,1,10173.8955078125,1240
com.fortifiedlabs.sync_for_apple_messages.apk,com.fortifiedlabs.sync_for_apple_messages,Sync for Messages,85,Unknown,21,11,8,8,2,2,37824,0,4272.3984375,773
com.freegame.simulatorfnafsljumpscare.apk,com.freegame.simulatorfnafsljumpscare,Simulator FNAF SL Jumpscare,1,Unknown,3,11,2,1,0,2,56084,0,12872.2099609375,569
com.freekikchat.freekikchatmessengertips.apk,com.freekikchat.freekikchatmessengertips,Free KiK Chat Messenger Tips,1000000,Unknown,4,5,1,0,0,2,25642,1,20730.4775390625,206
com.freewaiter.redbarn.apk,com.freewaiter.redbarn,Red Barn,100058,Unknown,10,3,4,2,1,2,21760,0,3942.7666015625,354
com.freshgrade.StudentApp.apk,com.freshgrade.StudentApp,FreshGrade for Students,105032,Unknown,10,3,4,3,1,3,32513,1,24954.3017578125,449
com.fsp.android.phonetracker.apk,com.fsp.android.phonetracker,@7F07089F,160680,Unknown,34,89,44,31,7,7,91432,1,38981.6357421875,4710
com.fullfreemovies.apk,com.fullfreemovies,Full Free Movies,110,Unknown,6,10,7,3,1,2,33974,1,14031.8662109375,916
com.funkyfacemakers.apk,com.funkyfacemakers,funky face changer-Image Crop,5,Unknown,11,10,0,0,1,2,29587,0,6811.890625,436
com.funny.whosdaddy.apk,com.funny.whosdaddy,who is your daddy :D,1,Unknown,4,4,0,0,0,2,41027,0,7123.896484375,174
com.gameloft.android.ANMP.GloftL2HM.apk,com.gameloft.android.ANMP.GloftL2HM,Little Big City 2,31120,Unknown,14,9,3,9,2,4,26578,1,29488.1279296875,349
com.gameloft.android.ANMP.GloftPOHM.apk,com.gameloft.android.ANMP.GloftPOHM,My Little Pony,33029,Unknown,15,33,3,8,1,12,56315,1,48360.876953125,572
com.gau.go.weatherex.appbilling.systemwidgetskin.miniland.cc.apk,com.gau.go.weatherex.appbilling.systemwidgetskin.miniland.cc,Mini Land Style Reward GO Weather EX,1,Unknown,3,5,0,1,0,4,17350,0,2934.8583984375,211
com.geniatech.nettv.apk,com.geniatech.nettv,NetTV,2,Unknown,9,5,1,0,1,2,8776,1,13487.4609375,1007
com.gentoozero.memecreator.apk,com.gentoozero.memecreator,Meme Creator,25,Unknown,3,7,0,0,0,5,19069,0,44572.5166015625,1770
com.GeorgeBeaumont.TrickyShot.apk,com.GeorgeBeaumont.TrickyShot,Tricky Shot,5,Unknown,2,3,0,0,0,2,35757,1,22317.4326171875,275
com.globalegrow.app.gearbest.apk,com.globalegrow.app.gearbest,GearBest,17,Unknown,13,54,11,9,3,11,74478,0,6786.55078125,1451
com.globalinto.legoninjagoshadow.apk,com.globalinto.legoninjagoshadow,Lego Ninjago Shadow,10,Unknown,19,12,7,7,1,6,60964,0,4383.6396484375,746
com.glu.deerhunt2.apk,com.glu.deerhunt2,DH Classic,302032,Unknown,12,35,6,4,0,8,85132,1,50819.7060546875,1673
com.godpeople.GPtong.apk,com.godpeople.GPtong,갓피플통독,1902,Unknown,9,21,8,7,2,10,71805,0,9469.9609375,917
com.gohopscotch.android.saskrush.apk,com.gohopscotch.android.saskrush,Sask Rush,9,Unknown,18,31,16,10,5,38,108589,0,16053.3642578125,2533
com.gragedev.arianagrandepr.ankcall.apk,com.gragedev.arianagrandepr.ankcall,Call Prank Ariana Grande,1,Unknown,15,13,0,0,0,2,36688,0,4037.708984375,478
com.gragedev.princess.fakecall.apk,com.gragedev.princess.fakecall,Fake Call Princess,1,Unknown,15,13,0,0,0,2,36688,0,4085.599609375,478
com.greencopper.android.festivalvoyageur.apk,com.greencopper.android.festivalvoyageur,FDVoyageur,6,Unknown,15,17,21,5,3,3,61113,1,14156.1875,1523
com.grillgames.guitarrockhero.apk,com.grillgames.guitarrockhero,Rock Hero,16004,Unknown,12,19,2,4,0,4,91060,1,32980.154296875,939
com.guideforgeometre.geo.apk,com.guideforgeometre.geo,GUIDE Geometry Dash Meltdown,1,Unknown,2,6,0,0,0,2,45614,0,4619.1162109375,587
com.guidetodownload.modpixelmon.apk,com.guidetodownload.modpixelmon,Download Mod Pixelmon for MCPE,1,Unknown,5,11,1,0,0,2,51618,0,5897.056640625,454
com.hamiwito.minimapskraft.apk,com.hamiwito.minimapskraft,Pixelmon Maps,1,Unknown,7,12,2,1,0,2,55947,0,6661.1640625,566
com.happyroome.simulatortricks.apk,com.happyroome.simulatortricks,happy room Simula,8,Unknown,6,3,0,0,0,2,44150,1,17579.25390625,327
com.hasbro.beybladesenterprise.apk,com.hasbro.beybladesenterprise,BEYBLADE BURST,77,Unknown,10,2,0,1,0,2,38280,1,31193.0712890625,72
com.hellochinese.apk,com.hellochinese,HelloChinese,36,Unknown,7,55,2,3,0,2,53043,1,22521.1064453125,1748
com.HelloNeighbor.roblox.apk,com.HelloNeighbor.roblox,Tips For Hello Heighbor[ROBLOX],2,Unknown,2,8,0,0,0,2,18376,0,3013.560546875,818
com.hi5.app.apk,com.hi5.app,hi5,297,Unknown,23,92,35,10,3,6,116411,0,26059.6591796875,6794
com.highsecure.photoframe.apk,com.highsecure.photoframe,Photo Frame,5,Unknown,4,36,1,1,0,2,58610,0,22447.4326171875,1063
com.hipanda.solitaire.theme.purplerose.apk,com.hipanda.solitaire.theme.purplerose,Purple Rose Theme,12,Unknown,5,3,1,1,2,2,24920,0,2769.6181640625,549
com.hmobile.frenchbible.apk,com.hmobile.frenchbible,Bible,34,Unknown,9,24,4,6,1,6,34361,0,5290.8720703125,419
com.hoteltonight.android.prod.apk,com.hoteltonight.android.prod,Hotel Tonight,7820,Unknown,16,65,6,7,0,32,89945,1,12814.939453125,1910
com.htgames.animesama.apk,com.htgames.animesama,AnimeSama,11,Unknown,32,75,7,4,3,3,72393,1,26947.337890625,1891
com.htsu.hsbcpersonalbanking.apk,com.htsu.hsbcpersonalbanking,HSBC,37,Unknown,29,72,6,5,1,11,28796,0,15812.0810546875,1126
com.idmiranappss.phoneringtones2016.mobileringtones.apk,com.idmiranappss.phoneringtones2016.mobileringtones,Phone Ringtones,1,Unknown,8,6,0,0,0,2,33249,0,16092.37109375,231
com.iggnovation.offhck.apk,com.iggnovation.offhck,Offline Hacking,1,Unknown,2,22,0,0,0,2,23707,0,2209.685546875,452
com.iherb.apk,com.iherb,iHerb,20,Unknown,7,5,0,0,0,2,6642,0,703.943359375,75
com.ikeyboard.theme.distantgalaxy.apk,com.ikeyboard.theme.distantgalaxy,distantgalaxy,1,Unknown,14,21,10,12,1,4,42606,1,6941.3154296875,921
com.ikeyboard.theme.SpringTime.apk,com.ikeyboard.theme.SpringTime,SpringTime,2,Unknown,13,21,10,12,1,4,42541,1,6354.595703125,921
com.ilixa.ebp.apk,com.ilixa.ebp,8Bit Photo Lab,47,Unknown,6,4,1,0,1,3,44210,0,7759.5654296875,1391
com.im.simplycrochet.apk,com.im.simplycrochet,Simply Crochet,1248,Unknown,14,20,4,3,2,6,57406,1,10768.7705078125,861
com.im.urbancyclist.apk,com.im.urbancyclist,Urban Cyclist,1280,Unknown,14,20,4,3,2,6,57406,1,10772.83203125,861
com.immediatemedia.crossstitchcrazymag.apk,com.immediatemedia.crossstitchcrazymag,Cross Stitch Crazy,1248,Unknown,14,20,4,3,2,6,57405,1,10863.2734375,860
com.imobilize.ultimateHypnosisGH.apk,com.imobilize.ultimateHypnosisGH,Ultimate Hypnosis,9,Unknown,7,2,0,1,0,2,24147,0,24489.6513671875,512
com.inigoapp.inigoandroid.apk,com.inigoapp.inigoandroid,Inigo Cards,204,Unknown,18,45,5,1,0,3,67924,1,16049.5146484375,1791
com.instantgaming.android.apk,com.instantgaming.android,Instant Gaming,1,Unknown,5,8,9,5,1,7,75211,0,5306.701171875,1241
com.insyncapp.diabete.apk,com.insyncapp.diabete,My glycemia,58,Unknown,18,19,4,2,0,5,50336,0,5019.7001953125,681
com.intsig.camcard.sfdc.apk,com.intsig.camcard.sfdc,CamCard for Salesforce,1201,Unknown,17,34,7,5,1,3,39007,1,21982.5654296875,1493
com.iobit.mobilecare.apk,com.iobit.mobilecare,AMC Security,50601,Unknown,56,119,11,14,3,13,67153,1,8356.7353515625,1362
com.itlogy.awardwallet.apk,com.itlogy.awardwallet,AwardWallet,318014,Unknown,8,2,1,1,0,3,12994,0,4842.6962890625,308
com.jb.gokeyboardpro.apk,com.jb.gokeyboardpro,GO Keyboard Pro,30,Unknown,20,66,13,19,6,30,72399,1,15056.1298828125,3360
com.jbbmobile.jbbfieldcloud.apk,com.jbbmobile.jbbfieldcloud,Service Echo,42,Unknown,14,27,7,3,3,2,45672,0,3651.5712890625,807
com.jiubang.fastestflashlight.apk,com.jiubang.fastestflashlight,Beacon Flashlight,29,Unknown,27,29,13,14,3,2,39722,1,4883.08203125,893
com.joaomgcd.autoappshub.apk,com.joaomgcd.autoappshub,AutoApps,36,Unknown,7,13,5,4,0,7,30822,0,3236.63671875,871
com.jrzheng.supervpnfree.apk,com.jrzheng.supervpnfree,SuperVPN,70,Unknown,13,13,3,2,0,2,41579,1,5135.267578125,504
com.kailabs.slug.apk,com.kailabs.slug,Slugterra Slug It Out Guide,1,Unknown,19,12,7,8,1,2,64588,0,5218.1298828125,670
com.ketchapp.stack.apk,com.ketchapp.stack,Stack,10,Unknown,4,20,0,1,0,2,52736,1,27221.5966796875,614
com.keyboard.go.black.apk,com.keyboard.go.black,Matte Black,10105,Unknown,9,11,2,4,0,2,32824,1,3104.896484375,130
com.kfn.fakegpsfree.apk,com.kfn.fakegpsfree,Fly GPS,11,Unknown,9,6,3,5,1,2,40026,0,3074.544921875,569
com.kiddoware.kidsafebrowser.apk,com.kiddoware.kidsafebrowser,Safe Browser,39,Unknown,9,18,1,3,3,5,46074,0,3881.0595703125,588
com.kidscrape.king.apk,com.kidscrape.king,Touch Lock,1701161,Unknown,12,29,10,7,2,6,75909,0,5362.84765625,848
com.kinteks.hdselfiecam.apk,com.kinteks.hdselfiecam,Camera,8,Unknown,6,3,0,2,0,2,44188,0,2990.7548828125,322
com.kkkeyboard.emoji.keyboard.theme.Basketball.apk,com.kkkeyboard.emoji.keyboard.theme.Basketball,Basketball,10,Unknown,10,12,1,1,0,2,32162,0,4964.912109375,341
com.krissitop.mobdroguidestreaming.apk,com.krissitop.mobdroguidestreaming,Guide for Mobdro TV,1,Unknown,2,11,0,0,0,2,34408,0,2887.8955078125,617
com.kumapaw.minimalistanime.apk,com.kumapaw.minimalistanime,Minimalist Anime Wallpaper,14,Unknown,12,9,5,4,1,4,39576,0,3087.6728515625,540
com.lasteek.qtp.app.apk,com.lasteek.qtp.app,QTP,17,Unknown,13,57,10,4,1,7,93145,1,20508.69140625,1879
com.lescapadou.tracingjapan.apk,com.lescapadou.tracingjapan,Japanese Writing Wizard,1457341234,Unknown,5,1,0,0,0,2,24569,1,30624.61328125,1436
com.liberathor.diapason.apk,com.liberathor.diapason,Super ear,7,Unknown,3,2,1,2,0,2,26583,0,4990.0810546875,459
com.lightinthebox.android.apk,com.lightinthebox.android,LightInTheBox,430,Unknown,16,79,7,10,2,5,47482,0,7595.9169921875,1349
com.linecentury.stockmobi.apk,com.linecentury.stockmobi,Stockmobi,37,Unknown,19,52,6,7,2,6,84087,0,9766.2900390625,2053
com.lsbr.ipsos.mobile.apk,com.lsbr.ipsos.mobile,Ipsos Mobile,2700,Unknown,13,1,1,6,0,3,31288,0,3462.6875,385
com.lubangsemut.TopGuidePokemonGO.apk,com.lubangsemut.TopGuidePokemonGO,Top Guide for Pokémon GO,2,Unknown,5,3,0,0,1,2,44262,0,5081.19140625,369
com.maatto.rush.apk,com.maatto.rush,Color Tunnel,10,Unknown,3,4,0,0,0,2,9431,1,27381.2119140625,132
com.magazinecloner.anpt.apk,com.magazinecloner.anpt,A Needle Pulling Thread,2015,Unknown,8,30,2,2,0,14,47441,0,4653.10546875,663
com.magicpen.snapphoto.apk,com.magicpen.snapphoto,Snappy photo filters,3,Unknown,3,4,2,2,0,2,34114,0,9985.9033203125,1369
com.mapminecraft.helloneighbor.apk,com.mapminecraft.helloneighbor,Hello Neighbor,1,Unknown,4,4,0,0,0,2,26462,0,2396.037109375,354
com.maz.mothererthnws.apk,com.maz.mothererthnws,MotherErthNws,60,Unknown,9,13,2,4,4,5,58311,0,7410.4189453125,944
com.mc2techservices.pccb.apk,com.mc2techservices.pccb,Prepaid Credit Card Balances,3,Unknown,3,11,0,0,0,2,43637,0,2684.935546875,273
com.mediadjz.pianomixer.apk,com.mediadjz.pianomixer,Piano DJ Mixer,4,Unknown,6,10,0,0,0,2,48733,0,14858.1044921875,367
com.MegaMemeProductions.MEMESoundBoard.apk,com.MegaMemeProductions.MEMESoundBoard,MEME SoundBoard,1000004,Unknown,6,8,0,0,0,2,49990,1,23622.1533203125,170
com.metaswitch.cp.Access.apk,com.metaswitch.cp.Access,AccessPhone,16,Unknown,27,63,5,9,2,8,55750,1,17577.763671875,1653
com.midva.HiddenObjectLoveInParis.apk,com.midva.HiddenObjectLoveInParis,Love in Paris,15012002,Unknown,12,10,1,2,1,2,60110,1,24799.66796875,652
com.mindbowser.yougovi.apk,com.mindbowser.yougovi,youGOvi,17,Unknown,23,58,4,3,2,5,133581,1,28195.9853515625,1812
com.mindex.vbookz_pdf.apk,com.mindex.vbookz_pdf,vBookzPDF Reader,17,Unknown,11,6,2,2,0,5,12605,1,38437.5078125,349
com.minds.mobile.apk,com.minds.mobile,Minds,104012,Unknown,16,14,2,1,0,3,26663,1,29922.232421875,486
com.minecamphotoeditor.minecraft.apk,com.minecamphotoeditor.minecraft,MineCamera Editor For Minecraft,3,Unknown,8,7,2,3,1,2,15912,0,10669.0458984375,704
com.mirraw.android.apk,com.mirraw.android,Mirraw,110,Unknown,29,86,6,8,1,11,73490,1,6963.1318359375,863
com.MJ.Old.Face.Aging.Booth.Funny.App.apk,com.MJ.Old.Face.Aging.Booth.Funny.App,Old Face Aging Booth Funny App,3,Unknown,4,16,0,0,1,2,57196,0,9625.095703125,678
com.MMMonsterMaster.pandaBubbleShooter.free.apk,com.MMMonsterMaster.pandaBubbleShooter.free,Bubble Shooter,2,Unknown,2,6,0,0,0,2,45379,1,16260.181640625,2002
com.mobamine.ibeardandhair.apk,com.mobamine.ibeardandhair,I Beard and Hair Maker,4,Unknown,7,9,0,0,0,2,24596,0,6121.91015625,404
com.mobbi.setupviberfortablets.apk,com.mobbi.setupviberfortablets,Setting Viber for tablets,4,Unknown,2,4,0,0,0,2,18196,0,3381.0029296875,807
com.mobileapps.freestufftimes.apk,com.mobileapps.freestufftimes,Free Stuff Times,9,Unknown,8,5,1,2,0,2,32780,0,2766.5576171875,482
com.mobilecreatures.drinkwater.apk,com.mobilecreatures.drinkwater,Water Time Pro,79,Unknown,9,8,0,4,1,2,34610,0,6752.2568359375,911
com.MobileSportsTime.MiniGolfEldoradoGolfCourse.apk,com.MobileSportsTime.MiniGolfEldoradoGolfCourse,Mini Golf 3D City Stars Arcade,14,Unknown,4,6,0,0,0,2,33545,1,38438.828125,647
com.mobilityware.freecell.apk,com.mobilityware.freecell,FreeCell,259,Unknown,5,33,0,2,0,3,68116,0,33050.2294921875,1269
com.mobiloud.android.ShareTheWordOfGod.apk,com.mobiloud.android.ShareTheWordOfGod,ShareTheWordOfGod.com,20160927,Unknown,8,24,2,2,0,3,60962,0,5664.291015625,811
com.mobirix.minesweeper.apk,com.mobirix.minesweeper,Minesweeper King,170209,Unknown,5,4,3,4,1,2,47225,1,7297.041015625,1822
com.Mp3FreeMusic.Mp3FreeMusicMusicMp3.apk,com.Mp3FreeMusic.Mp3FreeMusicMusicMp3,Music Mp3,1,Unknown,4,8,0,0,1,3,61058,0,4657.931640625,687
com.msi.logogame.apk,com.msi.logogame,Logo Game,70,Unknown,9,52,9,7,3,7,86917,0,25481.8857421875,2725
com.musician.tuner.apk,com.musician.tuner,PitchLab Pro,16,Unknown,6,2,0,1,0,2,1252,1,5378.853515625,17
com.my.mail.apk,com.my.mail,myMail,20572,Unknown,30,78,40,23,8,51,117533,0,13336.455078125,3125
com.my.wot.apk,com.my.wot,WOT Mobile Security,9,Unknown,6,11,4,4,1,2,39337,0,6602.0048828125,729
com.mydiabetes.apk,com.mydiabetes,Diabetes:M,125,Unknown,13,34,7,12,1,14,90230,0,17882.2294921875,2138
com.myndos.myndosbroken.apk,com.myndos.myndosbroken,Crack Screen,1,Unknown,9,2,0,0,0,2,44160,0,8039.9072265625,265
com.mytowntonight.aviationweather.apk,com.mytowntonight.aviationweather,Avia Weather,58,Unknown,6,14,2,1,0,3,31698,0,3063.908203125,577
com.NaimDev.SnapPhotoFilters.apk,com.NaimDev.SnapPhotoFilters,Snappy Photo Filters,7,Unknown,3,4,2,2,0,2,34153,0,27257.3525390625,1206
com.narvii.amino.x250485228.apk,com.narvii.amino.x250485228,Chel,7620,Unknown,13,29,5,4,2,10,47570,1,19995.21484375,4723
com.newchic.client.apk,com.newchic.client,Newchic,86,Unknown,17,59,7,6,3,5,73370,0,9204.08984375,1617
com.newspicks.apk,com.newspicks,NewsPicks,1658,Unknown,8,59,6,6,2,12,80304,1,17975.947265625,2115
com.nianticproject.scout.apk,com.nianticproject.scout,Field Trip,49,Unknown,19,10,4,5,1,3,26602,0,5304.9306640625,676
com.nicedayapps.iss_free.apk,com.nicedayapps.iss_free,ISS HD Live,105,Unknown,11,11,8,6,1,2,45798,0,4960.826171875,1338
com.ninjakiwi.towerkeepers.apk,com.ninjakiwi.towerkeepers,Tower Keepers,5413,Unknown,6,29,0,2,1,2,62259,1,37963.109375,1700
com.noldar.lepetitcompendium.apk,com.noldar.lepetitcompendium,Le Petit Compendium,19,Unknown,3,4,0,0,1,2,20011,0,1666.9306640625,426
com.noon.guideforwhatsapp.apk,com.noon.guideforwhatsapp,Guide WhatsApp on tablet,7,Unknown,3,10,0,0,0,2,22834,0,3272.1015625,840
com.nurun.calgarysun.apk,com.nurun.calgarysun,SUN+,46,Unknown,7,19,8,1,0,2,50703,0,7214.3876953125,995
com.nweave.zenfie.apk,com.nweave.zenfie,Zenfie,27,Unknown,9,5,2,4,4,2,57338,0,5747.201171875,1222
com.oditek.thespesh.apk,com.oditek.thespesh,The Spesh,14,Unknown,13,14,1,1,1,2,60148,0,10215.361328125,876
com.ogrepixel.warcher.apk,com.ogrepixel.warcher,Warcher,32,Unknown,14,11,1,2,0,2,30349,1,48934.0517578125,437
com.parseapp.snapphoto.apk,com.parseapp.snapphoto,Snap Photo,3,Unknown,4,5,0,0,0,2,19968,0,3552.677734375,177
com.perracolabs.cpd.apk,com.perracolabs.cpd,Cameringo Lite,2276,Unknown,15,2,4,5,1,3,11801,1,5409.5302734375,1169
com.pranktent.kollpang.gengkol.apk,com.pranktent.kollpang.gengkol,Gangster Clown Call Prank,1,Unknown,15,13,0,0,0,2,36688,0,3620.619140625,478
com.promitor.fleek.apk,com.promitor.fleek,Fleek,300558,Unknown,16,4,5,6,2,2,28573,0,20490.85546875,285
com.racinggames.stunts.racing_bike.stunts.apk,com.racinggames.stunts.racing_bike.stunts,Racing on Bike Free,5,Unknown,6,13,0,1,0,2,38339,1,45494.31640625,369
com.reader.hdmi.apk,com.reader.hdmi,HDMI Reader,3,Unknown,4,4,1,0,0,2,29561,1,2615.7919921875,483
com.redrazors.pathbuilder.apk,com.redrazors.pathbuilder,Pathbuilder,197,Unknown,5,5,0,0,0,2,56705,0,12442.150390625,1415
com.resqwalk.apk,com.resqwalk,ResQwalk,74,Unknown,12,42,4,3,0,8,73127,1,13908.50390625,1552
com.ridewithgps.mobile.apk,com.ridewithgps.mobile,Ride with GPS,161099,Unknown,15,35,7,6,5,33,49399,1,29592.255859375,1473
com.ringslumen.pixelgun3d.apk,com.ringslumen.pixelgun3d,Guide Pixel Gun 3D,1,Unknown,2,11,1,1,0,2,43996,0,3420.4208984375,508
com.rmsoft.likemeter.apk,com.rmsoft.likemeter,Likemeter,12,Unknown,3,8,1,0,0,2,32626,0,3488.69921875,590
com.science.leoking.apk,com.science.leoking,LeoKing,9,Unknown,9,9,1,4,0,5,37499,0,8721.7314453125,191
com.seoboxs.viruskill.apk,com.seoboxs.viruskill,Virus Kill,1,Unknown,4,5,1,1,0,4,31519,0,2392.3974609375,843
com.ShakeMe.shake.apk,com.ShakeMe.shake,Shake Me,1,Unknown,0,2,0,0,0,2,59,0,2210.734375,17
com.singlegateway.guidegame2.apk,com.singlegateway.guidegame2,Guide LEGO NEXO KNIGHTS,3,Unknown,5,6,2,4,1,2,41546,0,3948.01171875,556
com.sitefinder.oiltraxcanada.apk,com.sitefinder.oiltraxcanada,OilTrax,8,Unknown,11,5,1,0,0,2,42288,0,3027.2265625,177
com.softbolt.redkaraoke.apk,com.softbolt.redkaraoke,Sing & Record,120,Unknown,11,35,5,4,1,2,64562,1,18398.5048828125,1299
com.softwarelint.darkops.apk,com.softwarelint.darkops,Darkops,10,Unknown,26,23,9,7,1,10,72032,0,5190.2666015625,982
com.softxpert.android.fax.apk,com.softxpert.android.fax,Fax+,10000017,Unknown,10,12,5,2,1,7,23907,0,3438.7607421875,836
com.squaremed.diabetesconnect.android.apk,com.squaremed.diabetesconnect.android,DiabetesConnect,50,Unknown,9,9,6,6,3,5,48030,0,8345.3955078125,1624
com.themascoteers.hammer.apk,com.themascoteers.hammer,Nail It,6,Unknown,21,28,4,5,1,2,59142,1,22649.5869140625,739
com.touringplans.dlrlines.android.apk,com.touringplans.dlrlines.android,Disneyland Lines by TouringPlans.com,10,Unknown,3,1,0,0,0,2,377,0,43.3662109375,13
com.tp.emoji.aaa.apk,com.tp.emoji.aaa,Emojistan,1,Unknown,4,6,0,0,0,2,36070,0,9481.4423828125,905
com.tsang.alan.lightmeter.apk,com.tsang.alan.lightmeter,Light Meter,2,Unknown,0,3,0,0,0,2,20614,0,2933.8798828125,420
com.tutotoons.app.magicprincessmadelaineandherfairiesfriends.free.apk,com.tutotoons.app.magicprincessmadelaineandherfairiesfriends.free,Magic Princess and her Fairy Friends,1000011,Unknown,6,7,1,2,0,2,29092,1,36310.8740234375,425
com.ui.webdma.apk,com.ui.webdma,Call recorder ONE touch,36,Unknown,13,5,4,4,1,2,14593,0,1448.416015625,252
com.usb.otg.apk,com.usb.otg,USB OTG READER PRO,1,Unknown,4,4,1,0,0,2,29561,1,3259.9140625,483
com.videotron.android.wificlient.apk,com.videotron.android.wificlient,Videotron WiFi,20160922,Unknown,7,3,0,0,0,2,12441,1,10009.6220703125,818
com.virtualsimapp.apk,com.virtualsimapp,VirtualSIM,60,Unknown,25,62,8,8,2,18,78719,1,25118.6767578125,2103
com.voboo.sterlime.easy.apk,com.voboo.sterlime.easy,Volume Booster,2,Unknown,11,13,11,6,1,7,74098,0,6171.1298828125,1328
com.vpro.inc.mcpemod.apk,com.vpro.inc.mcpemod,Gun Mods for Minecraft,2,Unknown,10,4,3,3,1,2,39322,0,9754.701171875,796
com.waterousco.techtool.apk,com.waterousco.techtool,Tech Tool,113,Unknown,1,1,0,0,0,2,857,1,19644.6435546875,36
com.weathercreative.weatherbub.apk,com.weathercreative.weatherbub,Weather BUB,22,Unknown,25,7,6,11,1,3,46428,1,28415.2998046875,700
com.webstersys.instadp.apk,com.webstersys.instadp,InstaDP,1,Unknown,3,1,0,0,0,2,1168,0,1776.720703125,35
com.Whatscan.forWhatstab.apk,com.Whatscan.forWhatstab,WhatsTabScan,3,Unknown,5,2,0,0,0,2,20411,0,2576.7431640625,395
com.wifi.phone.apk,com.wifi.phone,WIRELESS DISPLAY PRO,1,Unknown,4,4,1,0,0,2,29561,1,2490.2275390625,483
com.workoutapps.dayFatBurnWorkout.apk,com.workoutapps.dayFatBurnWorkout,15 Day Fat Burn Workout,3,Unknown,2,12,0,2,0,2,36290,0,4714.8037109375,864
com.workshophk.t2rcmecy.apk,com.workshophk.t2rcmecy,Anime Avatar Studio,2,Unknown,4,6,0,1,0,2,30686,0,28919.7421875,1920
com.wyptb.apk,com.wyptb,Will You Press The Button?,1311,Unknown,9,7,1,0,0,2,33140,0,22750.7685546875,293
com.yadavapp.keypadlockscreen.apk,com.yadavapp.keypadlockscreen,Keypad Lock Screen,14,Unknown,11,8,1,1,0,2,21254,0,4333.6650390625,427
com.zenmate.android.apk,com.zenmate.android,ZenMate,201,Unknown,12,26,9,6,1,5,22559,1,12905.1962890625,1953
com.zentertain.rapidhitcasino.apk,com.zentertain.rapidhitcasino,RapidHit,6,Unknown,16,25,8,8,3,3,88188,1,32541.552734375,1045
com.zutgames.ilovehue.apk,com.zutgames.ilovehue,I Love Hue,37,Unknown,7,11,3,6,1,2,54595,1,31137.64453125,246
cover.designer.maker.scopic.apk,cover.designer.maker.scopic,Cover Photo Maker,6,Unknown,7,10,3,3,1,2,20206,1,24684.7119140625,1331
de.hinterhofapps.sliderwidget.apk,de.hinterhofapps.sliderwidget,Slider Widget,13,Unknown,4,15,0,4,0,3,1287,0,1337.3095703125,452
emailclient.fastinbox.apk,emailclient.fastinbox,Inbox for Hotmail,1,Unknown,13,28,7,5,4,15,56075,0,6268.3740234375,879
fm.guillaume.pleymojis.apk,fm.guillaume.pleymojis,Pleymojis,37,Unknown,17,22,7,8,3,12,49786,1,23077.416015625,2323
info.lovelyfreechat.newimofreevideocallstips.apk,info.lovelyfreechat.newimofreevideocallstips,New IMO free video calls Tips,1000000,Unknown,4,5,1,0,0,2,25642,1,18280.451171875,177
jp.ne.biglobe.wisdomdict.gp2exc.apk,jp.ne.biglobe.wisdomdict.gp2exc,ウィズダム英和・和英辞典 書籍優待版,29,Unknown,5,18,2,1,1,3,7056,1,4210.732421875,572
me.doubledutch.maritztravelhq.apk,me.doubledutch.maritztravelhq,TravelHQ,62400,Unknown,18,90,12,6,1,23,76493,1,13391.275390625,1789
me.talkyou.app.im.apk,me.talkyou.app.im,TalkU,308,Unknown,84,234,22,29,0,10,124044,1,34969.4931640625,3743
mic.game.extremetrickshot.apk,mic.game.extremetrickshot,Extreme Trick Shot,1,Unknown,3,4,0,0,0,2,29763,1,16597.9658203125,754
mnn.Android.apk,mnn.Android,AP Mobile,4420,Unknown,14,28,2,7,0,8,62610,0,5314.2880859375,810
mobi.charmer.fotocollage.apk,mobi.charmer.fotocollage,photo collage,18,Unknown,19,14,3,4,2,2,59446,1,19051.125,2229
mobi.pdf417.apk,mobi.pdf417,pdf417.mobi,12000046,Unknown,5,4,0,0,0,2,15678,1,3620.076171875,541
mobi.recyclecoach.worldster.pack.apk,mobi.recyclecoach.worldster.pack,Recycle Coach,123,Unknown,17,2,2,2,0,2,13158,0,4295.06640625,481
monitoryourweight.bustan.net.apk,monitoryourweight.bustan.net,Monitor Your Weight,491,Unknown,16,25,2,4,1,5,46176,0,4885.3740234375,855
mrs.mobile.dk.apk,mrs.mobile.dk,DigiKTV Remote,13,Unknown,4,5,0,0,0,2,458,0,86.3203125,40
music708090.radiohitsoldies.apk,music708090.radiohitsoldies,70s 80s 90s Music,6,Unknown,21,6,3,4,0,2,44168,0,3489.0947265625,486
net.hubalek.android.apps.barometer.apk,net.hubalek.android.apps.barometer,Barometer Reborn,23,Unknown,8,9,4,7,2,3,20475,0,2184.76171875,708
net.marlove.mockgps.apk,net.marlove.mockgps,Mock GPS,11,Unknown,10,4,2,0,0,2,27197,0,2362.6474609375,633
net.zaim.android.apk,net.zaim.android,Zaim,1152601,Unknown,22,40,15,7,2,11,52560,1,11039.8134765625,2061
org.balapnlahas.hotegpt.apk,org.balapnlahas.hotegpt,New Hot Wheels 2017 Guide,1,Unknown,8,13,0,0,0,2,41081,0,9358.7265625,684
org.dragonlab.joystick.apk,org.dragonlab.joystick,GPS JOYSTICK,2,Unknown,12,7,0,0,0,2,33815,0,3579.751953125,593
pdfConversion.Droid.apk,pdfConversion.Droid,PDF Conversion Suite,10,Unknown,4,3,0,0,1,3,40195,1,24408.291015625,678
root.com.vow.apk,root.com.vow,King Root Android,2,Unknown,6,15,3,4,0,2,40351,0,4476.3056640625,561
ru.zenmoney.androidsub.apk,ru.zenmoney.androidsub,Zenmoney,287,Unknown,24,14,5,6,2,6,68250,1,48189.0830078125,2246
sk.shortcut.videocalls.apk,sk.shortcut.videocalls,Video calls,5,Unknown,2,3,0,0,0,2,29785,0,2451.9228515625,335
tattoo.my.photo.apk,tattoo.my.photo,Tattoo My Photo,12,Unknown,7,8,0,0,0,2,33605,0,10588.076171875,617
top.appslaborator.learn.krav.maga.apk,top.appslaborator.learn.krav.maga,Learn Krav Maga,2,Unknown,5,8,0,0,0,2,26038,0,1821.7431640625,134
uk.co.avoir.accord.apk,uk.co.avoir.accord,Accord Bagpipe Tuner,13,Unknown,8,6,5,4,1,2,19963,1,4198.1005859375,504
uk.co.centrica.hive.apk,uk.co.centrica.hive,Hive,12803,Unknown,10,19,15,11,1,8,47963,0,11605.8212890625,1448
wikem.chris.apk,wikem.chris,WikEM,87,Unknown,7,24,8,4,2,7,47738,0,5066.5654296875,762
